/*
 * Auto-generated by tools/tile_to_c.py from 2 real tools/osm_to_tiles.py
 * tile files -- do not hand-edit. Real OpenStreetMap data (c) OpenStreetMap
 * contributors, ODbL (www.openstreetmap.org/copyright), fetched via the
 * Overpass API for the bounding box covering gps_sim_route.h's real
 * Rotterdam ride (tools/gpx_to_c.py's source GPX), so the GPS simulator
 * and this map data describe the same real streets. Regenerated after
 * osm_to_tiles.py's ROAD_CLASSES split cycleway into its own class 5
 * (previously lumped with path/footway/bridleway) -- this extract is
 * genuinely cycleway-heavy (147 of 1265 kept ways), so the old encoding
 * would have had map_render.cpp's road-class filter either dropping
 * real cycle paths or keeping foot-only paths right alongside them.
 * Regenerate with:
 *
 *   curl -s "https://overpass-api.de/api/interpreter" --data-urlencode \
 *     'data=[out:xml][timeout:25];(way["highway"](51.918,4.455,51.928,4.495););(._;>;);out body;' \
 *     -o rotterdam.osm
 *   python3 tools/osm_to_tiles.py rotterdam.osm /tmp/real_tiles \
 *     --bbox 4.460 51.920 4.490 51.927
 *   python3 tools/tile_to_c.py /tmp/real_tiles \
 *     lib/source/maps/real_route_tiles.h --var-prefix rotterdam_tile
 */

#ifndef REAL_ROUTE_TILES_H_
#define REAL_ROUTE_TILES_H_

#include <stddef.h>
#include <stdint.h>

static const uint8_t rotterdam_tile_tile_2596_223[] = {
	0x53, 0x56, 0x31, 0x31, 0x4d, 0x41, 0x50, 0x32, 0x80, 0x3c, 0x18, 0x03,
	0xe0, 0x0d, 0x44, 0x00, 0xe9, 0x02, 0x00, 0x00, 0x06, 0x02, 0x00, 0x00,
	0xf0, 0x05, 0x1c, 0x31, 0x00, 0x80, 0x62, 0x00, 0x5b, 0x34, 0x00, 0x80,
	0x05, 0x02, 0x00, 0x00, 0xd4, 0x06, 0x0a, 0x37, 0x00, 0x80, 0x84, 0x01,
	0xd4, 0x39, 0x00, 0x80, 0x03, 0x02, 0x00, 0x00, 0x4a, 0x1a, 0x8c, 0x4c,
	0x00, 0x80, 0x68, 0x1a, 0x36, 0x4d, 0x00, 0x80, 0x03, 0x02, 0x00, 0x00,
	0x2d, 0x19, 0xbc, 0x4c, 0x00, 0x80, 0x4a, 0x1a, 0x8c, 0x4c, 0x00, 0x80,
	0x02, 0x02, 0x00, 0x00, 0x81, 0x12, 0x86, 0x4d, 0x00, 0x80, 0x16, 0x13,
	0xf7, 0x4f, 0x00, 0x80, 0x03, 0x02, 0x00, 0x00, 0xc3, 0x0b, 0x41, 0x27,
	0x00, 0x80, 0xc2, 0x09, 0x67, 0x1c, 0x00, 0x80, 0x02, 0x02, 0x00, 0x00,
	0x9a, 0x09, 0xd4, 0x17, 0x00, 0x80, 0x4b, 0x09, 0xa0, 0x1c, 0x00, 0x80,
	0x03, 0x02, 0x00, 0x00, 0x8c, 0x00, 0xcf, 0x1b, 0x00, 0x80, 0x46, 0x00,
	0xea, 0x1b, 0x00, 0x80, 0x03, 0x02, 0x00, 0x00, 0x6d, 0x19, 0x24, 0x1f,
	0x00, 0x80, 0x8a, 0x17, 0xfd, 0x14, 0x00, 0x80, 0x03, 0x02, 0x00, 0x00,
	0x84, 0x01, 0xd4, 0x39, 0x00, 0x80, 0x7c, 0x03, 0x98, 0x43, 0x00, 0x80,
	0x03, 0x03, 0x00, 0x00, 0x67, 0x05, 0x8d, 0x20, 0x00, 0x80, 0xb8, 0x05,
	0x6a, 0x22, 0x00, 0x80, 0xc3, 0x03, 0x9e, 0x2a, 0x00, 0x80, 0x03, 0x02,
	0x00, 0x00, 0x1b, 0x00, 0x0f, 0x33, 0x00, 0x80, 0x7c, 0x00, 0xe8, 0x34,
	0x00, 0x80, 0x03, 0x02, 0x00, 0x00, 0x2c, 0x13, 0xb0, 0x37, 0x00, 0x80,
	0x14, 0x13, 0x0d, 0x37, 0x00, 0x80, 0x03, 0x02, 0x00, 0x00, 0x94, 0x0e,
	0x11, 0x33, 0x00, 0x80, 0xe4, 0x11, 0x45, 0x31, 0x00, 0x80, 0x03, 0x02,
	0x00, 0x00, 0xa4, 0x0f, 0xa7, 0x3a, 0x00, 0x80, 0xed, 0x0f, 0xc4, 0x39,
	0x00, 0x80, 0x03, 0x02, 0x00, 0x00, 0x72, 0x12, 0xad, 0x38, 0x00, 0x80,
	0x48, 0x14, 0xe9, 0x41, 0x00, 0x80, 0x03, 0x03, 0x00, 0x00, 0x9f, 0x15,
	0xc1, 0x48, 0x00, 0x80, 0x74, 0x15, 0xca, 0x4b, 0x00, 0x80, 0x88, 0x14,
	0x5a, 0x4c, 0x00, 0x80, 0x03, 0x02, 0x00, 0x00, 0x58, 0x15, 0x3c, 0x47,
	0x00, 0x80, 0x9f, 0x15, 0xc1, 0x48, 0x00, 0x80, 0x06, 0x02, 0x00, 0x00,
	0x94, 0x00, 0x61, 0x3a, 0x00, 0x80, 0x62, 0x00, 0x98, 0x3d, 0x00, 0x80,
	0x06, 0x03, 0x00, 0x00, 0x64, 0x00, 0x10, 0x40, 0x00, 0x80, 0x81, 0x01,
	0x77, 0x3f, 0x00, 0x80, 0x62, 0x00, 0x98, 0x3d, 0x00, 0x80, 0x03, 0x02,
	0x00, 0x00, 0x5d, 0x01, 0x61, 0x22, 0x00, 0x80, 0x67, 0x05, 0x8d, 0x20,
	0x00, 0x80, 0x04, 0x04, 0x00, 0x00, 0xc6, 0x08, 0x10, 0x38, 0x00, 0x80,
	0xf2, 0x07, 0x88, 0x38, 0x00, 0x80, 0xe3, 0x08, 0xf4, 0x3c, 0x00, 0x80,
	0xb1, 0x09, 0x80, 0x3c, 0x00, 0x80, 0x03, 0x02, 0x00, 0x00, 0x22, 0x09,
	0xd8, 0x1e, 0x00, 0x80, 0xf9, 0x08, 0xe6, 0x1e, 0x00, 0x80, 0x03, 0x02,
	0x00, 0x00, 0x94, 0x00, 0x61, 0x3a, 0x00, 0x80, 0x84, 0x01, 0xd4, 0x39,
	0x00, 0x80, 0x03, 0x02, 0x00, 0x00, 0xde, 0x01, 0x8f, 0x23, 0x00, 0x80,
	0x7a, 0x01, 0x1e, 0x24, 0x00, 0x80, 0x04, 0x02, 0x00, 0x00, 0x7c, 0x00,
	0xe8, 0x34, 0x00, 0x80, 0x48, 0x01, 0xfd, 0x34, 0x00, 0x80, 0x04, 0x02,
	0x00, 0x00, 0x1c, 0x00, 0x75, 0x45, 0x00, 0x80, 0x7c, 0x03, 0x98, 0x43,
	0x00, 0x80, 0x03, 0x02, 0x00, 0x00, 0xe4, 0x00, 0xb0, 0x20, 0x00, 0x80,
	0x10, 0x01, 0xb2, 0x20, 0x00, 0x80, 0x03, 0x03, 0x00, 0x00, 0xf5, 0x0d,
	0x00, 0x46, 0x00, 0x80, 0x29, 0x0a, 0xa0, 0x3e, 0x00, 0x80, 0x66, 0x08,
	0x36, 0x36, 0x00, 0x80, 0x03, 0x02, 0x00, 0x00, 0xb7, 0x08, 0x58, 0x2c,
	0x00, 0x80, 0x1d, 0x09, 0x59, 0x2e, 0x00, 0x80, 0x04, 0x02, 0x00, 0x00,
	0x58, 0x15, 0x3c, 0x47, 0x00, 0x80, 0xb5, 0x15, 0x75, 0x46, 0x00, 0x80,
	0x04, 0x02, 0x00, 0x00, 0x71, 0x15, 0x39, 0x45, 0x00, 0x80, 0xf6, 0x14,
	0x5a, 0x45, 0x00, 0x80, 0x04, 0x02, 0x00, 0x00, 0x9a, 0x14, 0x50, 0x42,
	0x00, 0x80, 0x06, 0x17, 0x03, 0x41, 0x00, 0x80, 0x03, 0x02, 0x00, 0x00,
	0xcd, 0x0c, 0x7c, 0x4b, 0x00, 0x80, 0xb9, 0x0f, 0xf5, 0x49, 0x00, 0x80,
	0x03, 0x02, 0x00, 0x00, 0x4e, 0x0c, 0xda, 0x48, 0x00, 0x80, 0x9c, 0x0d,
	0xdd, 0x4f, 0x00, 0x80, 0x04, 0x02, 0x00, 0x00, 0x75, 0x0b, 0x07, 0x41,
	0x00, 0x80, 0x82, 0x0c, 0x58, 0x3f, 0x00, 0x80, 0x03, 0x02, 0x00, 0x00,
	0xb1, 0x14, 0x16, 0x44, 0x00, 0x80, 0xd3, 0x14, 0xc0, 0x44, 0x00, 0x80,
	0x03, 0x02, 0x00, 0x00, 0xf6, 0x14, 0x5a, 0x45, 0x00, 0x80, 0x0c, 0x15,
	0xc7, 0x45, 0x00, 0x80, 0x03, 0x02, 0x00, 0x00, 0x72, 0x12, 0xad, 0x38,
	0x00, 0x80, 0xfa, 0x14, 0x54, 0x37, 0x00, 0x80, 0x03, 0x02, 0x00, 0x00,
	0x57, 0x17, 0x3f, 0x48, 0x00, 0x80, 0x9f, 0x15, 0xc1, 0x48, 0x00, 0x80,
	0x03, 0x02, 0x00, 0x00, 0x6d, 0x19, 0x24, 0x1f, 0x00, 0x80, 0x10, 0x18,
	0xf6, 0x1f, 0x00, 0x80, 0x03, 0x02, 0x00, 0x00, 0x6d, 0x19, 0x50, 0x22,
	0x00, 0x80, 0xc8, 0x19, 0x89, 0x22, 0x00, 0x80, 0x03, 0x02, 0x00, 0x00,
	0xad, 0x18, 0xe2, 0x35, 0x00, 0x80, 0x8b, 0x18, 0xc3, 0x3d, 0x00, 0x80,
	0x03, 0x03, 0x00, 0x00, 0x06, 0x1a, 0x17, 0x49, 0x00, 0x80, 0x1e, 0x19,
	0xeb, 0x44, 0x00, 0x80, 0x1d, 0x1b, 0x72, 0x43, 0x00, 0x80, 0x03, 0x02,
	0x00, 0x00, 0x01, 0x1a, 0x94, 0x2a, 0x00, 0x80, 0xb7, 0x1a, 0x7a, 0x2a,
	0x00, 0x80, 0x03, 0x02, 0x00, 0x00, 0x65, 0x19, 0x7d, 0x34, 0x00, 0x80,
	0x10, 0x1b, 0x85, 0x32, 0x00, 0x80, 0x03, 0x02, 0x00, 0x00, 0x1d, 0x1b,
	0x72, 0x43, 0x00, 0x80, 0x2a, 0x1b, 0x88, 0x43, 0x00, 0x80, 0x03, 0x02,
	0x00, 0x00, 0x35, 0x1b, 0x06, 0x49, 0x00, 0x80, 0x06, 0x1a, 0x17, 0x49,
	0x00, 0x80, 0x03, 0x02, 0x00, 0x00, 0x4a, 0x1a, 0x8c, 0x4c, 0x00, 0x80,
	0x57, 0x1b, 0x50, 0x4c, 0x00, 0x80, 0x03, 0x02, 0x00, 0x00, 0x7c, 0x03,
	0x98, 0x43, 0x00, 0x80, 0xc5, 0x06, 0xcc, 0x41, 0x00, 0x80, 0x04, 0x04,
	0x00, 0x00, 0xfe, 0x09, 0x6a, 0x37, 0x00, 0x80, 0x72, 0x0a, 0x98, 0x3a,
	0x00, 0x80, 0xab, 0x0b, 0x7a, 0x3a, 0x00, 0x80, 0x3e, 0x0c, 0x72, 0x3d,
	0x00, 0x80, 0x03, 0x02, 0x00, 0x00, 0xd4, 0x06, 0x0a, 0x37, 0x00, 0x80,
	0xb1, 0x0b, 0x78, 0x34, 0x00, 0x80, 0x03, 0x02, 0x00, 0x00, 0x5a, 0x07,
	0xeb, 0x1b, 0x00, 0x80, 0x15, 0x01, 0xee, 0x1e, 0x00, 0x80, 0x03, 0x02,
	0x00, 0x00, 0xc5, 0x06, 0xcc, 0x41, 0x00, 0x80, 0x7c, 0x07, 0xa6, 0x45,
	0x00, 0x80, 0x05, 0x02, 0x00, 0x00, 0x08, 0x05, 0x48, 0x2e, 0x00, 0x80,
	0x34, 0x04, 0xe8, 0x2b, 0x00, 0x80, 0x03, 0x02, 0x00, 0x00, 0x34, 0x04,
	0xe8, 0x2b, 0x00, 0x80, 0xc3, 0x03, 0x9e, 0x2a, 0x00, 0x80, 0x03, 0x02,
	0x00, 0x00, 0xd4, 0x18, 0xa9, 0x24, 0x00, 0x80, 0x06, 0x19, 0xe4, 0x23,
	0x00, 0x80, 0x03, 0x02, 0x00, 0x00, 0x01, 0x1a, 0x94, 0x2a, 0x00, 0x80,
	0xd4, 0x18, 0xa9, 0x24, 0x00, 0x80, 0x03, 0x02, 0x00, 0x00, 0x60, 0x04,
	0x90, 0x2e, 0x00, 0x80, 0x08, 0x05, 0x48, 0x2e, 0x00, 0x80, 0x03, 0x02,
	0x00, 0x00, 0x73, 0x00, 0x43, 0x2f, 0x00, 0x80, 0x60, 0x04, 0x90, 0x2e,
	0x00, 0x80, 0x03, 0x02, 0x00, 0x00, 0x34, 0x04, 0xe8, 0x2b, 0x00, 0x80,
	0x9a, 0x03, 0x22, 0x2c, 0x00, 0x80, 0x05, 0x02, 0x00, 0x00, 0x9a, 0x03,
	0x22, 0x2c, 0x00, 0x80, 0x60, 0x04, 0x90, 0x2e, 0x00, 0x80, 0x03, 0x02,
	0x00, 0x00, 0x08, 0x05, 0x48, 0x2e, 0x00, 0x80, 0x80, 0x0b, 0x92, 0x2b,
	0x00, 0x80, 0x03, 0x02, 0x00, 0x00, 0x9a, 0x03, 0x22, 0x2c, 0x00, 0x80,
	0xd7, 0x00, 0x04, 0x2d, 0x00, 0x80, 0x03, 0x02, 0x00, 0x00, 0x46, 0x00,
	0xea, 0x1b, 0x00, 0x80, 0x9a, 0x03, 0x22, 0x2c, 0x00, 0x80, 0x02, 0x02,
	0x00, 0x00, 0x5e, 0x13, 0x02, 0x4d, 0x00, 0x80, 0xa5, 0x12, 0x4f, 0x47,
	0x00, 0x80, 0x02, 0x02, 0x00, 0x00, 0x56, 0x0d, 0xaa, 0x33, 0x00, 0x80,
	0x9d, 0x0f, 0xa4, 0x3f, 0x00, 0x80, 0x03, 0x02, 0x00, 0x00, 0x2a, 0x05,
	0x5f, 0x4c, 0x00, 0x80, 0x56, 0x06, 0xf6, 0x51, 0x00, 0x80, 0x03, 0x02,
	0x00, 0x00, 0xa9, 0x0b, 0xb0, 0x2b, 0x00, 0x80, 0x78, 0x0c, 0x65, 0x30,
	0x00, 0x80, 0x03, 0x02, 0x00, 0x00, 0x56, 0x0d, 0xaa, 0x33, 0x00, 0x80,
	0x24, 0x0e, 0x47, 0x33, 0x00, 0x80, 0x02, 0x02, 0x00, 0x00, 0x03, 0x13,
	0x1c, 0x46, 0x00, 0x80, 0xbf, 0x13, 0xa7, 0x44, 0x00, 0x80, 0x05, 0x02,
	0x00, 0x00, 0x13, 0x0f, 0x10, 0x46, 0x00, 0x80, 0xf7, 0x04, 0x5d, 0x4b,
	0x00, 0x80, 0x03, 0x02, 0x00, 0x00, 0xc3, 0x0b, 0x41, 0x27, 0x00, 0x80,
	0xe4, 0x0a, 0xb8, 0x27, 0x00, 0x80, 0x06, 0x02, 0x00, 0x00, 0xd9, 0x04,
	0x35, 0x01, 0x00, 0x80, 0xa7, 0x06, 0x8d, 0x01, 0x00, 0x80, 0x03, 0x02,
	0x00, 0x00, 0xf2, 0x04, 0xec, 0x07, 0x00, 0x80, 0x4b, 0x05, 0xa5, 0x0b,
	0x00, 0x80, 0x03, 0x02, 0x00, 0x00, 0x42, 0x16, 0x26, 0x0d, 0x00, 0x80,
	0x47, 0x17, 0x3f, 0x0e, 0x00, 0x80, 0x03, 0x02, 0x00, 0x00, 0xe2, 0x12,
	0xb5, 0x00, 0x00, 0x80, 0xff, 0x13, 0x87, 0x00, 0x00, 0x80, 0x04, 0x05,
	0x00, 0x00, 0x48, 0x18, 0x08, 0x0b, 0x00, 0x80, 0x2e, 0x18, 0x56, 0x0c,
	0x00, 0x80, 0x42, 0x16, 0x26, 0x0d, 0x00, 0x80, 0xf0, 0x14, 0x38, 0x0d,
	0x00, 0x80, 0xd0, 0x14, 0x6d, 0x0c, 0x00, 0x80, 0x03, 0x02, 0x00, 0x00,
	0xf8, 0x01, 0xa7, 0x14, 0x00, 0x80, 0x8b, 0x09, 0xaa, 0x11, 0x00, 0x80,
	0x03, 0x02, 0x00, 0x00, 0x3c, 0x04, 0x94, 0x01, 0x00, 0x80, 0x6b, 0x05,
	0x08, 0x00, 0x00, 0x80, 0x03, 0x02, 0x00, 0x00, 0xb9, 0x06, 0x08, 0x16,
	0x00, 0x80, 0x1c, 0x07, 0x34, 0x18, 0x00, 0x80, 0x03, 0x02, 0x00, 0x00,
	0x1c, 0x07, 0x34, 0x18, 0x00, 0x80, 0x7a, 0x00, 0x6c, 0x1b, 0x00, 0x80,
	0x03, 0x02, 0x00, 0x00, 0x54, 0x00, 0x61, 0x02, 0x00, 0x80, 0x3c, 0x04,
	0x94, 0x01, 0x00, 0x80, 0x03, 0x02, 0x00, 0x00, 0x17, 0x00, 0xe8, 0x18,
	0x00, 0x80, 0x54, 0x09, 0x03, 0x15, 0x00, 0x80, 0x03, 0x02, 0x00, 0x00,
	0xf8, 0x01, 0xa7, 0x14, 0x00, 0x80, 0xf4, 0x01, 0x38, 0x18, 0x00, 0x80,
	0x03, 0x02, 0x00, 0x00, 0xeb, 0x01, 0x43, 0x12, 0x00, 0x80, 0xf8, 0x01,
	0xa7, 0x14, 0x00, 0x80, 0x03, 0x05, 0x00, 0x00, 0x45, 0x15, 0x74, 0x14,
	0x00, 0x80, 0x46, 0x14, 0xa8, 0x13, 0x00, 0x80, 0xac, 0x12, 0xbc, 0x09,
	0x00, 0x80, 0xb6, 0x17, 0xee, 0x07, 0x00, 0x80, 0xd8, 0x18, 0x97, 0x08,
	0x00, 0x80, 0x03, 0x02, 0x00, 0x00, 0xff, 0x13, 0x87, 0x00, 0x00, 0x80,
	0xbe, 0x14, 0x63, 0x05, 0x00, 0x80, 0x03, 0x02, 0x00, 0x00, 0xbc, 0x19,
	0x25, 0x14, 0x00, 0x80, 0xd0, 0x17, 0x39, 0x14, 0x00, 0x80, 0x05, 0x02,
	0x00, 0x00, 0x39, 0x1b, 0xab, 0x03, 0x00, 0x80, 0x2f, 0x19, 0x06, 0x04,
	0x00, 0x80, 0x03, 0x02, 0x00, 0x00, 0x4b, 0x1b, 0x41, 0x02, 0x00, 0x80,
	0x8d, 0x1a, 0x09, 0x00, 0x00, 0x80, 0x03, 0x02, 0x00, 0x00, 0x63, 0x1a,
	0xbf, 0x0f, 0x00, 0x80, 0xd7, 0x1a, 0xce, 0x10, 0x00, 0x80, 0x03, 0x03,
	0x00, 0x00, 0x8a, 0x17, 0xfd, 0x14, 0x00, 0x80, 0xeb, 0x18, 0x8f, 0x11,
	0x00, 0x80, 0xd7, 0x1a, 0xce, 0x10, 0x00, 0x80, 0x03, 0x02, 0x00, 0x00,
	0xfa, 0x1a, 0x52, 0x00, 0x00, 0x80, 0xa8, 0x1a, 0x5f, 0x00, 0x00, 0x80,
	0x03, 0x02, 0x00, 0x00, 0x20, 0x1a, 0xf4, 0x06, 0x00, 0x80, 0xf2, 0x1a,
	0x8d, 0x06, 0x00, 0x80, 0x03, 0x02, 0x00, 0x00, 0x2a, 0x1b, 0xe8, 0x0b,
	0x00, 0x80, 0x34, 0x1a, 0xcf, 0x0b, 0x00, 0x80, 0x03, 0x02, 0x00, 0x00,
	0xee, 0x09, 0x8d, 0x0d, 0x00, 0x80, 0x20, 0x09, 0x97, 0x17, 0x00, 0x80,
	0x06, 0x02, 0x00, 0x00, 0xdc, 0x07, 0xa0, 0x15, 0x00, 0x80, 0x4e, 0x07,
	0x8c, 0x12, 0x00, 0x80, 0x03, 0x02, 0x00, 0x00, 0xe7, 0x06, 0x3e, 0x10,
	0x00, 0x80, 0xeb, 0x01, 0x43, 0x12, 0x00, 0x80, 0x05, 0x02, 0x00, 0x00,
	0x4a, 0x18, 0xb9, 0x07, 0x00, 0x80, 0x20, 0x1a, 0xf4, 0x06, 0x00, 0x80,
	0x03, 0x02, 0x00, 0x00, 0xf1, 0x17, 0x89, 0x02, 0x00, 0x80, 0x48, 0x18,
	0x8c, 0x05, 0x00, 0x80, 0x03, 0x02, 0x00, 0x00, 0xf4, 0x18, 0x45, 0x05,
	0x00, 0x80, 0x52, 0x18, 0xb9, 0x01, 0x00, 0x80, 0x05, 0x02, 0x00, 0x00,
	0x2f, 0x19, 0x06, 0x04, 0x00, 0x80, 0xca, 0x17, 0xa9, 0x04, 0x00, 0x80,
	0x03, 0x02, 0x00, 0x00, 0xc3, 0x03, 0x9e, 0x2a, 0x00, 0x80, 0x17, 0x00,
	0xe8, 0x18, 0x00, 0x80, 0x03, 0x02, 0x00, 0x00, 0x48, 0x18, 0x8c, 0x05,
	0x00, 0x80, 0x74, 0x18, 0x76, 0x06, 0x00, 0x80, 0x03, 0x02, 0x00, 0x00,
	0x06, 0x1a, 0x9a, 0x0c, 0x00, 0x80, 0xc7, 0x19, 0x9d, 0x0a, 0x00, 0x80,
	0x03, 0x02, 0x00, 0x00, 0x1c, 0x19, 0x2e, 0x06, 0x00, 0x80, 0xf4, 0x18,
	0x45, 0x05, 0x00, 0x80, 0x02, 0x02, 0x00, 0x00, 0x7b, 0x08, 0x6d, 0x06,
	0x00, 0x80, 0xed, 0x08, 0x43, 0x08, 0x00, 0x80, 0x02, 0x02, 0x00, 0x00,
	0x6f, 0x0a, 0xf1, 0x11, 0x00, 0x80, 0x69, 0x0a, 0x7d, 0x0b, 0x00, 0x80,
	0x02, 0x02, 0x00, 0x00, 0x72, 0x07, 0x20, 0x00, 0x00, 0x80, 0x7b, 0x08,
	0x6d, 0x06, 0x00, 0x80, 0x02, 0x02, 0x00, 0x00, 0xb1, 0x09, 0x3e, 0x0a,
	0x00, 0x80, 0xfe, 0x09, 0x98, 0x0b, 0x00, 0x80, 0x01, 0x02, 0x00, 0x00,
	0xf4, 0x18, 0x45, 0x05, 0x00, 0x80, 0x48, 0x18, 0x8c, 0x05, 0x00, 0x80,
	0x01, 0x02, 0x00, 0x00, 0x74, 0x18, 0x76, 0x06, 0x00, 0x80, 0x1c, 0x19,
	0x2e, 0x06, 0x00, 0x80, 0x01, 0x02, 0x00, 0x00, 0x48, 0x18, 0x8c, 0x05,
	0x00, 0x80, 0x8d, 0x16, 0x4f, 0x06, 0x00, 0x80, 0x04, 0x03, 0x00, 0x00,
	0x1c, 0x0c, 0x1d, 0x13, 0x00, 0x80, 0x0a, 0x0c, 0x9a, 0x0e, 0x00, 0x80,
	0x78, 0x0c, 0x56, 0x14, 0x00, 0x80, 0x05, 0x02, 0x00, 0x00, 0x9a, 0x14,
	0x50, 0x42, 0x00, 0x80, 0xe9, 0x12, 0x09, 0x43, 0x00, 0x80, 0x05, 0x02,
	0x00, 0x00, 0x0d, 0x11, 0x57, 0x3f, 0x00, 0x80, 0xbd, 0x0f, 0xc9, 0x38,
	0x00, 0x80, 0x05, 0x02, 0x00, 0x00, 0xe5, 0x0b, 0x9c, 0x26, 0x00, 0x80,
	0x80, 0x0a, 0x5e, 0x27, 0x00, 0x80, 0x06, 0x02, 0x00, 0x00, 0x4e, 0x07,
	0x8c, 0x12, 0x00, 0x80, 0xe7, 0x06, 0x3e, 0x10, 0x00, 0x80, 0x06, 0x02,
	0x00, 0x00, 0x96, 0x05, 0xaf, 0x10, 0x00, 0x80, 0xfe, 0x05, 0x0a, 0x13,
	0x00, 0x80, 0x06, 0x03, 0x00, 0x00, 0x45, 0x1a, 0x02, 0x39, 0x00, 0x80,
	0x43, 0x1b, 0xc5, 0x37, 0x00, 0x80, 0x9e, 0x19, 0x37, 0x34, 0x00, 0x80,
	0x03, 0x02, 0x00, 0x00, 0x07, 0x1b, 0x95, 0x3a, 0x00, 0x80, 0x45, 0x1a,
	0x02, 0x39, 0x00, 0x80, 0x04, 0x02, 0x00, 0x00, 0xf0, 0x14, 0x38, 0x0d,
	0x00, 0x80, 0x89, 0x14, 0xdf, 0x0d, 0x00, 0x80, 0x04, 0x02, 0x00, 0x00,
	0x89, 0x14, 0xdf, 0x0d, 0x00, 0x80, 0x90, 0x13, 0xf4, 0x0f, 0x00, 0x80,
	0x03, 0x02, 0x00, 0x00, 0xd6, 0x05, 0x95, 0x39, 0x00, 0x80, 0xbb, 0x06,
	0xbe, 0x3d, 0x00, 0x80, 0x03, 0x02, 0x00, 0x00, 0x7c, 0x03, 0x98, 0x43,
	0x00, 0x80, 0xf7, 0x04, 0x5d, 0x4b, 0x00, 0x80, 0x06, 0x02, 0x00, 0x00,
	0xf2, 0x0f, 0x73, 0x2b, 0x00, 0x80, 0xcc, 0x0f, 0x9b, 0x29, 0x00, 0x80,
	0x04, 0x02, 0x00, 0x00, 0x2d, 0x05, 0x4f, 0x2e, 0x00, 0x80, 0x74, 0x05,
	0xcf, 0x2c, 0x00, 0x80, 0x03, 0x02, 0x00, 0x00, 0xa7, 0x05, 0x46, 0x31,
	0x00, 0x80, 0x08, 0x05, 0x48, 0x2e, 0x00, 0x80, 0x03, 0x02, 0x00, 0x00,
	0x24, 0x0e, 0x47, 0x33, 0x00, 0x80, 0x90, 0x0c, 0x23, 0x2b, 0x00, 0x80,
	0x02, 0x02, 0x00, 0x00, 0x4b, 0x09, 0xa0, 0x1c, 0x00, 0x80, 0xa8, 0x0a,
	0xd9, 0x25, 0x00, 0x80, 0x02, 0x02, 0x00, 0x00, 0xeb, 0x07, 0xdf, 0x0a,
	0x00, 0x80, 0x40, 0x00, 0x6d, 0x0c, 0x00, 0x80, 0x01, 0x02, 0x00, 0x00,
	0x59, 0x09, 0xda, 0x0a, 0x00, 0x80, 0x0e, 0x00, 0xc2, 0x0c, 0x00, 0x80,
	0x05, 0x02, 0x00, 0x00, 0xee, 0x09, 0x8d, 0x0d, 0x00, 0x80, 0x6b, 0x09,
	0x0f, 0x17, 0x00, 0x80, 0x01, 0x02, 0x00, 0x00, 0x02, 0x11, 0xdd, 0x07,
	0x00, 0x80, 0x27, 0x0d, 0xfe, 0x08, 0x00, 0x80, 0x01, 0x02, 0x00, 0x00,
	0x18, 0x11, 0x70, 0x08, 0x00, 0x80, 0x3d, 0x0d, 0x94, 0x09, 0x00, 0x80,
	0x01, 0x02, 0x00, 0x00, 0x4e, 0x0d, 0x28, 0x0a, 0x00, 0x80, 0x27, 0x11,
	0xff, 0x08, 0x00, 0x80, 0x01, 0x02, 0x00, 0x00, 0x5f, 0x0d, 0xc5, 0x0a,
	0x00, 0x80, 0x38, 0x11, 0x9b, 0x09, 0x00, 0x80, 0x05, 0x02, 0x00, 0x00,
	0x5f, 0x0d, 0x3c, 0x0b, 0x00, 0x80, 0x43, 0x11, 0x04, 0x0a, 0x00, 0x80,
	0x05, 0x02, 0x00, 0x00, 0xff, 0x10, 0x64, 0x07, 0x00, 0x80, 0x14, 0x0d,
	0x98, 0x08, 0x00, 0x80, 0x05, 0x02, 0x00, 0x00, 0x14, 0x0d, 0x98, 0x08,
	0x00, 0x80, 0x36, 0x0a, 0x79, 0x09, 0x00, 0x80, 0x01, 0x02, 0x00, 0x00,
	0xce, 0x0a, 0x63, 0x0a, 0x00, 0x80, 0x59, 0x09, 0xda, 0x0a, 0x00, 0x80,
	0x01, 0x02, 0x00, 0x00, 0x68, 0x09, 0x43, 0x0b, 0x00, 0x80, 0xe2, 0x0a,
	0xda, 0x0a, 0x00, 0x80, 0x02, 0x02, 0x00, 0x00, 0x04, 0x0a, 0x2c, 0x11,
	0x00, 0x80, 0x9a, 0x09, 0xd4, 0x17, 0x00, 0x80, 0x01, 0x02, 0x00, 0x00,
	0x69, 0x0a, 0x7d, 0x0b, 0x00, 0x80, 0x5f, 0x0d, 0xc5, 0x0a, 0x00, 0x80,
	0x01, 0x02, 0x00, 0x00, 0x8f, 0x0b, 0x88, 0x09, 0x00, 0x80, 0x1e, 0x0a,
	0x0d, 0x0a, 0x00, 0x80, 0x05, 0x02, 0x00, 0x00, 0xcf, 0x0a, 0xe4, 0x0b,
	0x00, 0x80, 0x36, 0x0a, 0x79, 0x09, 0x00, 0x80, 0x02, 0x02, 0x00, 0x00,
	0xb1, 0x09, 0x3e, 0x0a, 0x00, 0x80, 0xeb, 0x07, 0xdf, 0x0a, 0x00, 0x80,
	0x02, 0x02, 0x00, 0x00, 0x1e, 0x0a, 0x0d, 0x0a, 0x00, 0x80, 0x7b, 0x08,
	0x6d, 0x06, 0x00, 0x80, 0x05, 0x02, 0x00, 0x00, 0xcf, 0x0a, 0xe4, 0x0b,
	0x00, 0x80, 0x5f, 0x0d, 0x3c, 0x0b, 0x00, 0x80, 0x01, 0x02, 0x00, 0x00,
	0x3d, 0x0d, 0x94, 0x09, 0x00, 0x80, 0xce, 0x0a, 0x63, 0x0a, 0x00, 0x80,
	0x01, 0x02, 0x00, 0x00, 0xe2, 0x0a, 0xda, 0x0a, 0x00, 0x80, 0x4e, 0x0d,
	0x28, 0x0a, 0x00, 0x80, 0x01, 0x02, 0x00, 0x00, 0x0c, 0x16, 0x76, 0x07,
	0x00, 0x80, 0x74, 0x18, 0x76, 0x06, 0x00, 0x80, 0x01, 0x02, 0x00, 0x00,
	0x9b, 0x15, 0xbd, 0x06, 0x00, 0x80, 0xf4, 0x13, 0x03, 0x07, 0x00, 0x80,
	0x05, 0x02, 0x00, 0x00, 0xe8, 0x14, 0xed, 0x05, 0x00, 0x80, 0xff, 0x10,
	0x64, 0x07, 0x00, 0x80, 0x05, 0x02, 0x00, 0x00, 0x43, 0x11, 0x04, 0x0a,
	0x00, 0x80, 0xac, 0x12, 0xbc, 0x09, 0x00, 0x80, 0x01, 0x02, 0x00, 0x00,
	0x27, 0x11, 0xff, 0x08, 0x00, 0x80, 0x58, 0x13, 0x54, 0x08, 0x00, 0x80,
	0x01, 0x02, 0x00, 0x00, 0x38, 0x11, 0x9b, 0x09, 0x00, 0x80, 0xb9, 0x13,
	0xbe, 0x08, 0x00, 0x80, 0x03, 0x02, 0x00, 0x00, 0x7e, 0x19, 0xa4, 0x08,
	0x00, 0x80, 0x20, 0x1a, 0xf4, 0x06, 0x00, 0x80, 0x02, 0x02, 0x00, 0x00,
	0xfe, 0x09, 0x98, 0x0b, 0x00, 0x80, 0x69, 0x0a, 0x7d, 0x0b, 0x00, 0x80,
	0x04, 0x02, 0x00, 0x00, 0xa8, 0x1a, 0x5f, 0x00, 0x00, 0x80, 0x54, 0x19,
	0x1b, 0x01, 0x00, 0x80, 0x02, 0x02, 0x00, 0x00, 0xa8, 0x0a, 0xd9, 0x25,
	0x00, 0x80, 0x14, 0x0c, 0x49, 0x2d, 0x00, 0x80, 0x03, 0x02, 0x00, 0x00,
	0x4b, 0x09, 0xa0, 0x1c, 0x00, 0x80, 0xe4, 0x0a, 0xb8, 0x27, 0x00, 0x80,
	0x02, 0x02, 0x00, 0x00, 0xcc, 0x0c, 0xe2, 0x2c, 0x00, 0x80, 0x46, 0x0b,
	0x87, 0x25, 0x00, 0x80, 0x03, 0x02, 0x00, 0x00, 0xbe, 0x14, 0x63, 0x05,
	0x00, 0x80, 0xe8, 0x14, 0xed, 0x05, 0x00, 0x80, 0x01, 0x02, 0x00, 0x00,
	0xf4, 0x13, 0x03, 0x07, 0x00, 0x80, 0x02, 0x11, 0xdd, 0x07, 0x00, 0x80,
	0x01, 0x02, 0x00, 0x00, 0x9b, 0x15, 0xbd, 0x06, 0x00, 0x80, 0x18, 0x11,
	0x70, 0x08, 0x00, 0x80, 0x03, 0x02, 0x00, 0x00, 0x8c, 0x17, 0xc1, 0x04,
	0x00, 0x80, 0xe8, 0x14, 0xed, 0x05, 0x00, 0x80, 0x04, 0x02, 0x00, 0x00,
	0xbe, 0x14, 0x63, 0x05, 0x00, 0x80, 0x8c, 0x17, 0xc1, 0x04, 0x00, 0x80,
	0x05, 0x02, 0x00, 0x00, 0xbe, 0x0a, 0xec, 0x27, 0x00, 0x80, 0x80, 0x0b,
	0x92, 0x2b, 0x00, 0x80, 0x05, 0x03, 0x00, 0x00, 0xe0, 0x0b, 0x3b, 0x26,
	0x00, 0x80, 0x2e, 0x0a, 0xea, 0x1c, 0x00, 0x80, 0x98, 0x0a, 0xbe, 0x14,
	0x00, 0x80, 0x06, 0x02, 0x00, 0x00, 0x11, 0x0d, 0xfc, 0x2b, 0x00, 0x80,
	0x3e, 0x0d, 0x63, 0x2c, 0x00, 0x80, 0x05, 0x02, 0x00, 0x00, 0x11, 0x0d,
	0xfc, 0x2b, 0x00, 0x80, 0xe5, 0x0b, 0x9c, 0x26, 0x00, 0x80, 0x05, 0x02,
	0x00, 0x00, 0x36, 0x0a, 0x79, 0x09, 0x00, 0x80, 0xeb, 0x07, 0xdf, 0x0a,
	0x00, 0x80, 0x05, 0x02, 0x00, 0x00, 0x2f, 0x19, 0x06, 0x04, 0x00, 0x80,
	0xa4, 0x18, 0x4c, 0x02, 0x00, 0x80, 0x05, 0x02, 0x00, 0x00, 0xa6, 0x19,
	0x25, 0x07, 0x00, 0x80, 0x2f, 0x19, 0x06, 0x04, 0x00, 0x80, 0x05, 0x02,
	0x00, 0x00, 0x27, 0x09, 0xc4, 0x09, 0x00, 0x80, 0xc7, 0x09, 0x20, 0x0c,
	0x00, 0x80, 0x05, 0x02, 0x00, 0x00, 0xca, 0x17, 0xa9, 0x04, 0x00, 0x80,
	0x4a, 0x18, 0xb9, 0x07, 0x00, 0x80, 0x05, 0x02, 0x00, 0x00, 0x0d, 0x0b,
	0xbf, 0x08, 0x00, 0x80, 0x67, 0x0b, 0x1f, 0x09, 0x00, 0x80, 0x05, 0x02,
	0x00, 0x00, 0xaf, 0x17, 0xb5, 0x02, 0x00, 0x80, 0xca, 0x17, 0xa9, 0x04,
	0x00, 0x80, 0x05, 0x02, 0x00, 0x00, 0xca, 0x17, 0xa9, 0x04, 0x00, 0x80,
	0x8c, 0x17, 0xc1, 0x04, 0x00, 0x80, 0x05, 0x02, 0x00, 0x00, 0x36, 0x0a,
	0x79, 0x09, 0x00, 0x80, 0xfc, 0x09, 0xfe, 0x08, 0x00, 0x80, 0x06, 0x02,
	0x00, 0x00, 0xf8, 0x01, 0xa7, 0x14, 0x00, 0x80, 0x5a, 0x00, 0x66, 0x15,
	0x00, 0x80, 0x03, 0x02, 0x00, 0x00, 0xe2, 0x00, 0x14, 0x13, 0x00, 0x80,
	0xeb, 0x01, 0x43, 0x12, 0x00, 0x80, 0x03, 0x02, 0x00, 0x00, 0xad, 0x18,
	0xe2, 0x35, 0x00, 0x80, 0x65, 0x19, 0x7d, 0x34, 0x00, 0x80, 0x03, 0x02,
	0x00, 0x00, 0x45, 0x1a, 0x02, 0x39, 0x00, 0x80, 0xad, 0x18, 0xe2, 0x35,
	0x00, 0x80, 0x04, 0x02, 0x00, 0x00, 0x7c, 0x07, 0xa6, 0x45, 0x00, 0x80,
	0xc5, 0x06, 0xcc, 0x41, 0x00, 0x80, 0x05, 0x02, 0x00, 0x00, 0x96, 0x0d,
	0x38, 0x34, 0x00, 0x80, 0xad, 0x0e, 0x9d, 0x33, 0x00, 0x80, 0x02, 0x02,
	0x00, 0x00, 0x33, 0x09, 0xd5, 0x0b, 0x00, 0x80, 0xfe, 0x09, 0x98, 0x0b,
	0x00, 0x80, 0x03, 0x03, 0x00, 0x00, 0x19, 0x0b, 0xcd, 0x00, 0x00, 0x80,
	0x9d, 0x0b, 0x92, 0x07, 0x00, 0x80, 0xfc, 0x09, 0xfe, 0x08, 0x00, 0x80,
	0x05, 0x02, 0x00, 0x00, 0x4e, 0x0c, 0xda, 0x48, 0x00, 0x80, 0x27, 0x0c,
	0xa3, 0x47, 0x00, 0x80, 0x03, 0x02, 0x00, 0x00, 0x27, 0x0a, 0x55, 0x0d,
	0x00, 0x80, 0xee, 0x09, 0x8d, 0x0d, 0x00, 0x80, 0x05, 0x02, 0x00, 0x00,
	0xc7, 0x09, 0x20, 0x0c, 0x00, 0x80, 0xee, 0x09, 0x8d, 0x0d, 0x00, 0x80,
	0x03, 0x02, 0x00, 0x00, 0x7c, 0x07, 0xa6, 0x45, 0x00, 0x80, 0xcb, 0x04,
	0xac, 0x46, 0x00, 0x80, 0x03, 0x02, 0x00, 0x00, 0xbb, 0x06, 0xbe, 0x3d,
	0x00, 0x80, 0xbb, 0x02, 0xf5, 0x3f, 0x00, 0x80, 0x05, 0x03, 0x00, 0x00,
	0xe5, 0x0b, 0x9c, 0x26, 0x00, 0x80, 0x36, 0x0e, 0x4b, 0x24, 0x00, 0x80,
	0x3c, 0x11, 0x0e, 0x23, 0x00, 0x80, 0x01, 0x02, 0x00, 0x00, 0xb9, 0x13,
	0xbe, 0x08, 0x00, 0x80, 0x56, 0x14, 0x6a, 0x08, 0x00, 0x80, 0x02, 0x02,
	0x00, 0x00, 0x60, 0x00, 0xa5, 0x0d, 0x00, 0x80, 0xe0, 0x08, 0xef, 0x0b,
	0x00, 0x80, 0x05, 0x02, 0x00, 0x00, 0x30, 0x1a, 0x38, 0x0e, 0x00, 0x80,
	0xa6, 0x19, 0x25, 0x07, 0x00, 0x80, 0x04, 0x02, 0x00, 0x00, 0x4d, 0x13,
	0xd3, 0x2c, 0x00, 0x80, 0xdf, 0x14, 0x57, 0x2b, 0x00, 0x80, 0x04, 0x02,
	0x00, 0x00, 0x42, 0x16, 0x26, 0x0d, 0x00, 0x80, 0xf4, 0x15, 0x3d, 0x0b,
	0x00, 0x80, 0x06, 0x02, 0x00, 0x00, 0xf4, 0x15, 0x3d, 0x0b, 0x00, 0x80,
	0x42, 0x15, 0xcc, 0x08, 0x00, 0x80, 0x05, 0x02, 0x00, 0x00, 0x16, 0x19,
	0xdf, 0x0b, 0x00, 0x80, 0x17, 0x1a, 0x7b, 0x0e, 0x00, 0x80, 0x06, 0x02,
	0x00, 0x00, 0x48, 0x18, 0x08, 0x0b, 0x00, 0x80, 0xa9, 0x18, 0x43, 0x09,
	0x00, 0x80, 0x05, 0x03, 0x00, 0x00, 0x16, 0x19, 0xdf, 0x0b, 0x00, 0x80,
	0xec, 0x14, 0x48, 0x14, 0x00, 0x80, 0xb9, 0x15, 0x31, 0x1a, 0x00, 0x80,
	0x05, 0x02, 0x00, 0x00, 0x25, 0x1a, 0x55, 0x0b, 0x00, 0x80, 0x16, 0x19,
	0xdf, 0x0b, 0x00, 0x80, 0x05, 0x02, 0x00, 0x00, 0xf2, 0x11, 0xde, 0x4c,
	0x00, 0x80, 0xce, 0x14, 0x30, 0x58, 0x00, 0x80, 0x05, 0x02, 0x00, 0x00,
	0x48, 0x1a, 0x39, 0x42, 0x00, 0x80, 0x45, 0x1b, 0x37, 0x40, 0x00, 0x80,
	0x05, 0x02, 0x00, 0x00, 0x48, 0x1a, 0x39, 0x42, 0x00, 0x80, 0x1d, 0x1b,
	0x72, 0x43, 0x00, 0x80, 0x05, 0x02, 0x00, 0x00, 0x53, 0x1a, 0x50, 0x3e,
	0x00, 0x80, 0x4a, 0x1b, 0x9e, 0x3f, 0x00, 0x80, 0x05, 0x02, 0x00, 0x00,
	0x6f, 0x13, 0xab, 0x45, 0x00, 0x80, 0xb1, 0x17, 0x34, 0x43, 0x00, 0x80,
	0x04, 0x02, 0x00, 0x00, 0xd2, 0x0d, 0x99, 0x1c, 0x00, 0x80, 0xd3, 0x0d,
	0x43, 0x1b, 0x00, 0x80, 0x03, 0x02, 0x00, 0x00, 0x9a, 0x09, 0xd4, 0x17,
	0x00, 0x80, 0x04, 0x0a, 0xd7, 0x17, 0x00, 0x80, 0x03, 0x03, 0x00, 0x00,
	0x65, 0x08, 0x1a, 0x1f, 0x00, 0x80, 0x1c, 0x07, 0x34, 0x18, 0x00, 0x80,
	0x57, 0x09, 0xd8, 0x17, 0x00, 0x80, 0x03, 0x03, 0x00, 0x00, 0x0e, 0x0e,
	0x6a, 0x14, 0x00, 0x80, 0x33, 0x0e, 0xdc, 0x15, 0x00, 0x80, 0x3e, 0x0c,
	0xca, 0x15, 0x00, 0x80, 0x02, 0x02, 0x00, 0x00, 0xc2, 0x09, 0x67, 0x1c,
	0x00, 0x80, 0x04, 0x0a, 0xd7, 0x17, 0x00, 0x80, 0x03, 0x02, 0x00, 0x00,
	0xd2, 0x0d, 0xfe, 0x17, 0x00, 0x80, 0x2f, 0x0e, 0xff, 0x17, 0x00, 0x80,
	0x01, 0x02, 0x00, 0x00, 0x1c, 0x19, 0x2e, 0x06, 0x00, 0x80, 0x14, 0x1b,
	0x54, 0x05, 0x00, 0x80, 0x03, 0x02, 0x00, 0x00, 0x2a, 0x05, 0x5f, 0x4c,
	0x00, 0x80, 0x71, 0x0b, 0x1d, 0x49, 0x00, 0x80, 0x03, 0x02, 0x00, 0x00,
	0xd8, 0x18, 0x97, 0x08, 0x00, 0x80, 0x75, 0x19, 0x26, 0x0c, 0x00, 0x80,
	0x04, 0x02, 0x00, 0x00, 0xa3, 0x0c, 0xd5, 0x20, 0x00, 0x80, 0x31, 0x0d,
	0xf0, 0x20, 0x00, 0x80, 0x03, 0x02, 0x00, 0x00, 0x77, 0x1a, 0x10, 0x3e,
	0x00, 0x80, 0x83, 0x19, 0x78, 0x3f, 0x00, 0x80, 0x05, 0x02, 0x00, 0x00,
	0x83, 0x19, 0x78, 0x3f, 0x00, 0x80, 0x77, 0x18, 0x46, 0x40, 0x00, 0x80,
	0x06, 0x02, 0x00, 0x00, 0xd7, 0x00, 0x5e, 0x4c, 0x00, 0x80, 0x44, 0x01,
	0x7c, 0x4e, 0x00, 0x80, 0x02, 0x02, 0x00, 0x00, 0x46, 0x0b, 0x87, 0x25,
	0x00, 0x80, 0xc2, 0x09, 0x67, 0x1c, 0x00, 0x80, 0x02, 0x02, 0x00, 0x00,
	0xe1, 0x0e, 0xe5, 0x36, 0x00, 0x80, 0x24, 0x0e, 0x47, 0x33, 0x00, 0x80,
	0x02, 0x02, 0x00, 0x00, 0xc8, 0x0c, 0xa2, 0x30, 0x00, 0x80, 0x56, 0x0d,
	0xaa, 0x33, 0x00, 0x80, 0x05, 0x02, 0x00, 0x00, 0xc7, 0x09, 0x20, 0x0c,
	0x00, 0x80, 0xcf, 0x0a, 0xe4, 0x0b, 0x00, 0x80, 0x01, 0x02, 0x00, 0x00,
	0x50, 0x01, 0x1b, 0x0d, 0x00, 0x80, 0x68, 0x09, 0x43, 0x0b, 0x00, 0x80,
	0x06, 0x02, 0x00, 0x00, 0x07, 0x1b, 0x95, 0x3a, 0x00, 0x80, 0x4f, 0x1b,
	0x8f, 0x3b, 0x00, 0x80, 0x02, 0x02, 0x00, 0x00, 0x4a, 0x1a, 0x56, 0x3f,
	0x00, 0x80, 0x7f, 0x18, 0xd0, 0x40, 0x00, 0x80, 0x06, 0x02, 0x00, 0x00,
	0x21, 0x17, 0x7b, 0x43, 0x00, 0x80, 0x13, 0x17, 0x34, 0x43, 0x00, 0x80,
	0x03, 0x02, 0x00, 0x00, 0x06, 0x1a, 0x17, 0x49, 0x00, 0x80, 0x35, 0x18,
	0x84, 0x48, 0x00, 0x80, 0x03, 0x02, 0x00, 0x00, 0x35, 0x18, 0x84, 0x48,
	0x00, 0x80, 0x57, 0x17, 0x3f, 0x48, 0x00, 0x80, 0x06, 0x02, 0x00, 0x00,
	0x13, 0x17, 0x34, 0x43, 0x00, 0x80, 0xec, 0x16, 0x4b, 0x43, 0x00, 0x80,
	0x06, 0x02, 0x00, 0x00, 0x91, 0x15, 0xf7, 0x41, 0x00, 0x80, 0x7d, 0x15,
	0xd6, 0x41, 0x00, 0x80, 0x04, 0x02, 0x00, 0x00, 0x48, 0x14, 0xe9, 0x41,
	0x00, 0x80, 0x9a, 0x14, 0x50, 0x42, 0x00, 0x80, 0x04, 0x03, 0x00, 0x00,
	0x8e, 0x0f, 0xb6, 0x20, 0x00, 0x80, 0x2f, 0x0f, 0xe9, 0x22, 0x00, 0x80,
	0x82, 0x0e, 0xe0, 0x20, 0x00, 0x80, 0x03, 0x02, 0x00, 0x00, 0x4d, 0x1b,
	0x4a, 0x41, 0x00, 0x80, 0xdd, 0x1a, 0xe4, 0x3f, 0x00, 0x80, 0x03, 0x02,
	0x00, 0x00, 0xad, 0x1a, 0x4a, 0x40, 0x00, 0x80, 0x38, 0x1b, 0xbb, 0x41,
	0x00, 0x80, 0x03, 0x02, 0x00, 0x00, 0xfc, 0x09, 0xfe, 0x08, 0x00, 0x80,
	0xb4, 0x09, 0x1a, 0x09, 0x00, 0x80, 0x05, 0x02, 0x00, 0x00, 0xfc, 0x09,
	0xfe, 0x08, 0x00, 0x80, 0xcb, 0x08, 0xfc, 0x05, 0x00, 0x80, 0x04, 0x02,
	0x00, 0x00, 0xef, 0x17, 0x34, 0x26, 0x00, 0x80, 0x15, 0x18, 0xb5, 0x36,
	0x00, 0x80, 0x03, 0x02, 0x00, 0x00, 0x1d, 0x09, 0x59, 0x2e, 0x00, 0x80,
	0x67, 0x0a, 0x28, 0x35, 0x00, 0x80, 0x04, 0x02, 0x00, 0x00, 0xc8, 0x09,
	0xc5, 0x31, 0x00, 0x80, 0xbc, 0x09, 0xcb, 0x31, 0x00, 0x80, 0x03, 0x02,
	0x00, 0x00, 0x4a, 0x1a, 0x56, 0x3f, 0x00, 0x80, 0xad, 0x1a, 0x4a, 0x40,
	0x00, 0x80, 0x06, 0x02, 0x00, 0x00, 0x8e, 0x15, 0x56, 0x3f, 0x00, 0x80,
	0xee, 0x13, 0x39, 0x39, 0x00, 0x80, 0x06, 0x03, 0x00, 0x00, 0x9a, 0x12,
	0x76, 0x31, 0x00, 0x80, 0xd6, 0x11, 0xe6, 0x2b, 0x00, 0x80, 0xcc, 0x0f,
	0x9b, 0x29, 0x00, 0x80, 0x06, 0x02, 0x00, 0x00, 0xee, 0x13, 0x39, 0x39,
	0x00, 0x80, 0xac, 0x13, 0xfe, 0x37, 0x00, 0x80, 0x03, 0x02, 0x00, 0x00,
	0x04, 0x0a, 0xd7, 0x17, 0x00, 0x80, 0x33, 0x0b, 0xf1, 0x17, 0x00, 0x80,
	0x02, 0x02, 0x00, 0x00, 0x04, 0x0a, 0xd7, 0x17, 0x00, 0x80, 0x6f, 0x0a,
	0xf1, 0x11, 0x00, 0x80, 0x03, 0x02, 0x00, 0x00, 0x2f, 0x0e, 0xff, 0x17,
	0x00, 0x80, 0x33, 0x0e, 0xdc, 0x15, 0x00, 0x80, 0x04, 0x02, 0x00, 0x00,
	0x82, 0x0e, 0xe0, 0x20, 0x00, 0x80, 0x11, 0x0e, 0x9c, 0x1e, 0x00, 0x80,
	0x06, 0x02, 0x00, 0x00, 0xac, 0x13, 0xfe, 0x37, 0x00, 0x80, 0x90, 0x13,
	0x79, 0x37, 0x00, 0x80, 0x04, 0x02, 0x00, 0x00, 0x40, 0x13, 0x25, 0x3b,
	0x00, 0x80, 0xbf, 0x13, 0xdd, 0x3a, 0x00, 0x80, 0x04, 0x02, 0x00, 0x00,
	0xfb, 0x12, 0x4b, 0x3b, 0x00, 0x80, 0x40, 0x13, 0x25, 0x3b, 0x00, 0x80,
	0x06, 0x02, 0x00, 0x00, 0x80, 0x16, 0xb1, 0x3e, 0x00, 0x80, 0x94, 0x15,
	0x20, 0x3f, 0x00, 0x80, 0x04, 0x02, 0x00, 0x00, 0xbf, 0x13, 0xdd, 0x3a,
	0x00, 0x80, 0x7d, 0x15, 0xd0, 0x39, 0x00, 0x80, 0x06, 0x02, 0x00, 0x00,
	0x6c, 0x0e, 0x06, 0x29, 0x00, 0x80, 0x33, 0x10, 0xec, 0x25, 0x00, 0x80,
	0x06, 0x02, 0x00, 0x00, 0x2f, 0x0f, 0x36, 0x27, 0x00, 0x80, 0xce, 0x0e,
	0x31, 0x27, 0x00, 0x80, 0x06, 0x02, 0x00, 0x00, 0xd3, 0x0e, 0x94, 0x24,
	0x00, 0x80, 0x45, 0x0f, 0x7a, 0x24, 0x00, 0x80, 0x06, 0x02, 0x00, 0x00,
	0x4c, 0x0f, 0x3d, 0x27, 0x00, 0x80, 0x9a, 0x0f, 0x3e, 0x27, 0x00, 0x80,
	0x06, 0x02, 0x00, 0x00, 0xc4, 0x0f, 0x58, 0x24, 0x00, 0x80, 0x62, 0x0f,
	0x6d, 0x24, 0x00, 0x80, 0x06, 0x03, 0x00, 0x00, 0x34, 0x0f, 0x45, 0x22,
	0x00, 0x80, 0x93, 0x0f, 0xa6, 0x23, 0x00, 0x80, 0xf0, 0x0e, 0xc9, 0x23,
	0x00, 0x80, 0x06, 0x02, 0x00, 0x00, 0x77, 0x18, 0x9b, 0x12, 0x00, 0x80,
	0xbc, 0x19, 0x25, 0x14, 0x00, 0x80, 0x06, 0x02, 0x00, 0x00, 0x89, 0x19,
	0xbd, 0x13, 0x00, 0x80, 0xd2, 0x19, 0x25, 0x11, 0x00, 0x80, 0x06, 0x02,
	0x00, 0x00, 0x1c, 0x10, 0x55, 0x3b, 0x00, 0x80, 0x92, 0x0e, 0x30, 0x3c,
	0x00, 0x80, 0x03, 0x02, 0x00, 0x00, 0x12, 0x05, 0x7a, 0x25, 0x00, 0x80,
	0xca, 0x05, 0xcb, 0x28, 0x00, 0x80, 0x06, 0x04, 0x00, 0x00, 0xff, 0x10,
	0x20, 0x2c, 0x00, 0x80, 0x75, 0x10, 0x6e, 0x2b, 0x00, 0x80, 0xa4, 0x0d,
	0x01, 0x2c, 0x00, 0x80, 0x65, 0x0d, 0xcb, 0x27, 0x00, 0x80, 0x04, 0x02,
	0x00, 0x00, 0xc7, 0x0a, 0x8f, 0x4d, 0x00, 0x80, 0x18, 0x0a, 0xe2, 0x4d,
	0x00, 0x80, 0x04, 0x02, 0x00, 0x00, 0x18, 0x0a, 0xe2, 0x4d, 0x00, 0x80,
	0xb0, 0x09, 0x13, 0x4e, 0x00, 0x80, 0x04, 0x02, 0x00, 0x00, 0x89, 0x0c,
	0xb9, 0x4c, 0x00, 0x80, 0x21, 0x0c, 0xea, 0x4c, 0x00, 0x80, 0x04, 0x02,
	0x00, 0x00, 0xfe, 0x0c, 0x80, 0x4c, 0x00, 0x80, 0x89, 0x0c, 0xb9, 0x4c,
	0x00, 0x80, 0x05, 0x02, 0x00, 0x00, 0x3c, 0x11, 0x0e, 0x23, 0x00, 0x80,
	0x7b, 0x16, 0xa2, 0x20, 0x00, 0x80, 0x03, 0x02, 0x00, 0x00, 0xaf, 0x1a,
	0xe7, 0x25, 0x00, 0x80, 0xc8, 0x19, 0x89, 0x22, 0x00, 0x80, 0x03, 0x02,
	0x00, 0x00, 0x08, 0x01, 0x5b, 0x37, 0x00, 0x80, 0x84, 0x01, 0xd4, 0x39,
	0x00, 0x80, 0x03, 0x02, 0x00, 0x00, 0x4d, 0x1a, 0x6f, 0x0c, 0x00, 0x80,
	0x2a, 0x1b, 0xe8, 0x0b, 0x00, 0x80, 0x03, 0x02, 0x00, 0x00, 0xf0, 0x19,
	0xe5, 0x0b, 0x00, 0x80, 0x76, 0x17, 0x72, 0x0e, 0x00, 0x80, 0x03, 0x02,
	0x00, 0x00, 0x47, 0x17, 0x3f, 0x0e, 0x00, 0x80, 0x76, 0x17, 0x72, 0x0e,
	0x00, 0x80, 0x03, 0x02, 0x00, 0x00, 0x76, 0x17, 0x72, 0x0e, 0x00, 0x80,
	0x06, 0x1a, 0x9a, 0x0c, 0x00, 0x80, 0x05, 0x02, 0x00, 0x00, 0x7b, 0x16,
	0xa2, 0x20, 0x00, 0x80, 0xec, 0x16, 0x85, 0x20, 0x00, 0x80, 0x05, 0x02,
	0x00, 0x00, 0xb9, 0x15, 0x31, 0x1a, 0x00, 0x80, 0xec, 0x16, 0x85, 0x20,
	0x00, 0x80, 0x04, 0x03, 0x00, 0x00, 0xf5, 0x04, 0x23, 0x2c, 0x00, 0x80,
	0x47, 0x05, 0xf6, 0x2c, 0x00, 0x80, 0xf5, 0x04, 0x23, 0x2c, 0x00, 0x80,
	0x06, 0x02, 0x00, 0x00, 0x38, 0x08, 0xcc, 0x29, 0x00, 0x80, 0xb7, 0x08,
	0x58, 0x2c, 0x00, 0x80, 0x03, 0x02, 0x00, 0x00, 0x67, 0x17, 0x5a, 0x20,
	0x00, 0x80, 0x39, 0x17, 0x70, 0x20, 0x00, 0x80, 0x05, 0x02, 0x00, 0x00,
	0xec, 0x16, 0x85, 0x20, 0x00, 0x80, 0xd4, 0x18, 0xa9, 0x24, 0x00, 0x80,
	0x06, 0x02, 0x00, 0x00, 0x9d, 0x16, 0x74, 0x4b, 0x00, 0x80, 0x42, 0x18,
	0xef, 0x4b, 0x00, 0x80, 0x06, 0x03, 0x00, 0x00, 0x2b, 0x16, 0x91, 0x4b,
	0x00, 0x80, 0x6e, 0x16, 0xe2, 0x4a, 0x00, 0x80, 0x2b, 0x16, 0x91, 0x4b,
	0x00, 0x80, 0x05, 0x02, 0x00, 0x00, 0xc5, 0x18, 0xd0, 0x3e, 0x00, 0x80,
	0xaa, 0x18, 0x25, 0x40, 0x00, 0x80, 0x03, 0x02, 0x00, 0x00, 0x6d, 0x19,
	0x50, 0x22, 0x00, 0x80, 0xf4, 0x18, 0xcf, 0x21, 0x00, 0x80, 0x06, 0x04,
	0x00, 0x00, 0x2d, 0x19, 0xbc, 0x4c, 0x00, 0x80, 0x28, 0x18, 0x82, 0x4c,
	0x00, 0x80, 0x1a, 0x18, 0x96, 0x49, 0x00, 0x80, 0x06, 0x1a, 0x17, 0x49,
	0x00, 0x80, 0x06, 0x03, 0x00, 0x00, 0x84, 0x00, 0xd5, 0x3d, 0x00, 0x80,
	0x2a, 0x01, 0x74, 0x3d, 0x00, 0x80, 0x47, 0x01, 0x20, 0x3f, 0x00, 0x80,
	0x04, 0x02, 0x00, 0x00, 0x53, 0x03, 0x4b, 0x47, 0x00, 0x80, 0xed, 0x02,
	0x4c, 0x47, 0x00, 0x80, 0x03, 0x02, 0x00, 0x00, 0xcb, 0x04, 0xac, 0x46,
	0x00, 0x80, 0x77, 0x04, 0xd6, 0x46, 0x00, 0x80, 0x02, 0x02, 0x00, 0x00,
	0xbf, 0x13, 0xa7, 0x44, 0x00, 0x80, 0x24, 0x16, 0x3c, 0x43, 0x00, 0x80,
	0x02, 0x02, 0x00, 0x00, 0x24, 0x16, 0x3c, 0x43, 0x00, 0x80, 0xb4, 0x17,
	0x5f, 0x42, 0x00, 0x80, 0x02, 0x02, 0x00, 0x00, 0xdf, 0x1a, 0x59, 0x3e,
	0x00, 0x80, 0x4a, 0x1a, 0x56, 0x3f, 0x00, 0x80, 0x03, 0x02, 0x00, 0x00,
	0x9f, 0x0e, 0x86, 0x47, 0x00, 0x80, 0x62, 0x0f, 0x77, 0x47, 0x00, 0x80,
	0x03, 0x02, 0x00, 0x00, 0xd4, 0x06, 0x0a, 0x37, 0x00, 0x80, 0xa7, 0x05,
	0x46, 0x31, 0x00, 0x80, 0x03, 0x02, 0x00, 0x00, 0x90, 0x0c, 0x23, 0x2b,
	0x00, 0x80, 0xc3, 0x0b, 0x41, 0x27, 0x00, 0x80, 0x06, 0x02, 0x00, 0x00,
	0x25, 0x0f, 0x5d, 0x21, 0x00, 0x80, 0x26, 0x0f, 0xd6, 0x20, 0x00, 0x80,
	0x04, 0x02, 0x00, 0x00, 0x9f, 0x15, 0xc1, 0x48, 0x00, 0x80, 0x2d, 0x15,
	0x01, 0x49, 0x00, 0x80, 0x03, 0x02, 0x00, 0x00, 0xf9, 0x08, 0xe6, 0x1e,
	0x00, 0x80, 0x67, 0x05, 0x8d, 0x20, 0x00, 0x80, 0x06, 0x02, 0x00, 0x00,
	0x89, 0x0d, 0xc0, 0x2a, 0x00, 0x80, 0x7e, 0x0f, 0x54, 0x2a, 0x00, 0x80,
	0x04, 0x02, 0x00, 0x00, 0xba, 0x19, 0x17, 0x34, 0x00, 0x80, 0x47, 0x19,
	0x6c, 0x30, 0x00, 0x80, 0x04, 0x03, 0x00, 0x00, 0xd4, 0x18, 0xa9, 0x24,
	0x00, 0x80, 0xcd, 0x17, 0xaa, 0x25, 0x00, 0x80, 0x21, 0x18, 0xdd, 0x26,
	0x00, 0x80, 0x04, 0x02, 0x00, 0x00, 0x10, 0x19, 0x46, 0x2c, 0x00, 0x80,
	0x2f, 0x18, 0x90, 0x27, 0x00, 0x80, 0x04, 0x02, 0x00, 0x00, 0x21, 0x0c,
	0xea, 0x4c, 0x00, 0x80, 0x73, 0x0b, 0x3d, 0x4d, 0x00, 0x80, 0x04, 0x02,
	0x00, 0x00, 0x73, 0x0b, 0x3d, 0x4d, 0x00, 0x80, 0xc7, 0x0a, 0x8f, 0x4d,
	0x00, 0x80, 0x02, 0x02, 0x00, 0x00, 0x14, 0x0c, 0x49, 0x2d, 0x00, 0x80,
	0xc8, 0x0c, 0xa2, 0x30, 0x00, 0x80, 0x02, 0x02, 0x00, 0x00, 0xa4, 0x0f,
	0xa7, 0x3a, 0x00, 0x80, 0xe1, 0x0e, 0xe5, 0x36, 0x00, 0x80, 0x03, 0x02,
	0x00, 0x00, 0x80, 0x0b, 0x92, 0x2b, 0x00, 0x80, 0xa9, 0x0b, 0xb0, 0x2b,
	0x00, 0x80, 0x03, 0x02, 0x00, 0x00, 0xe4, 0x0a, 0xb8, 0x27, 0x00, 0x80,
	0xbe, 0x0a, 0xec, 0x27, 0x00, 0x80, 0x05, 0x02, 0x00, 0x00, 0x80, 0x0a,
	0x5e, 0x27, 0x00, 0x80, 0xbe, 0x0a, 0xec, 0x27, 0x00, 0x80, 0x05, 0x02,
	0x00, 0x00, 0x80, 0x0b, 0x92, 0x2b, 0x00, 0x80, 0x83, 0x0b, 0x43, 0x2c,
	0x00, 0x80, 0x04, 0x02, 0x00, 0x00, 0x2f, 0x0e, 0xff, 0x17, 0x00, 0x80,
	0x74, 0x0e, 0xe8, 0x1a, 0x00, 0x80, 0x03, 0x02, 0x00, 0x00, 0xe4, 0x0a,
	0xb8, 0x27, 0x00, 0x80, 0xa9, 0x0b, 0xb0, 0x2b, 0x00, 0x80, 0x04, 0x02,
	0x00, 0x00, 0xd4, 0x0d, 0x7b, 0x19, 0x00, 0x80, 0xd2, 0x0d, 0xfe, 0x17,
	0x00, 0x80, 0x06, 0x02, 0x00, 0x00, 0x10, 0x0a, 0xb9, 0x28, 0x00, 0x80,
	0x67, 0x0a, 0x25, 0x2a, 0x00, 0x80, 0x06, 0x02, 0x00, 0x00, 0xfd, 0x06,
	0x6f, 0x2d, 0x00, 0x80, 0xa4, 0x06, 0x96, 0x2a, 0x00, 0x80, 0x06, 0x02,
	0x00, 0x00, 0x99, 0x00, 0x18, 0x1c, 0x00, 0x80, 0x54, 0x00, 0x37, 0x1c,
	0x00, 0x80, 0x06, 0x02, 0x00, 0x00, 0x42, 0x01, 0xc3, 0x21, 0x00, 0x80,
	0x8e, 0x01, 0xa2, 0x21, 0x00, 0x80, 0x06, 0x02, 0x00, 0x00, 0x72, 0x02,
	0x65, 0x26, 0x00, 0x80, 0xf6, 0x01, 0xb5, 0x26, 0x00, 0x80, 0x06, 0x02,
	0x00, 0x00, 0xac, 0x1a, 0x14, 0x1f, 0x00, 0x80, 0xdb, 0x17, 0x09, 0x21,
	0x00, 0x80, 0x06, 0x03, 0x00, 0x00, 0x6e, 0x0b, 0xcd, 0x33, 0x00, 0x80,
	0x92, 0x0a, 0x70, 0x2f, 0x00, 0x80, 0x55, 0x0b, 0x84, 0x2d, 0x00, 0x80,
	0x06, 0x02, 0x00, 0x00, 0x6e, 0x0b, 0xcd, 0x33, 0x00, 0x80, 0x92, 0x0b,
	0x88, 0x34, 0x00, 0x80, 0x04, 0x02, 0x00, 0x00, 0x11, 0x0e, 0x9c, 0x1e,
	0x00, 0x80, 0xd2, 0x0d, 0x99, 0x1c, 0x00, 0x80, 0x06, 0x02, 0x00, 0x00,
	0x5d, 0x10, 0x52, 0x25, 0x00, 0x80, 0x07, 0x10, 0xe1, 0x23, 0x00, 0x80,
	0x06, 0x02, 0x00, 0x00, 0x8c, 0x0f, 0xe1, 0x22, 0x00, 0x80, 0x2f, 0x0e,
	0xc1, 0x18, 0x00, 0x80, 0x06, 0x02, 0x00, 0x00, 0x07, 0x10, 0xe1, 0x23,
	0x00, 0x80, 0x8c, 0x0f, 0xe1, 0x22, 0x00, 0x80, 0x03, 0x02, 0x00, 0x00,
	0x88, 0x14, 0x5a, 0x4c, 0x00, 0x80, 0x5e, 0x13, 0x02, 0x4d, 0x00, 0x80,
	0x05, 0x02, 0x00, 0x00, 0x88, 0x14, 0x5a, 0x4c, 0x00, 0x80, 0xa2, 0x13,
	0x65, 0x4c, 0x00, 0x80, 0x05, 0x02, 0x00, 0x00, 0x97, 0x13, 0x3f, 0x4c,
	0x00, 0x80, 0xfb, 0x11, 0x16, 0x4d, 0x00, 0x80, 0x05, 0x02, 0x00, 0x00,
	0xe0, 0x13, 0x9e, 0x4d, 0x00, 0x80, 0x88, 0x14, 0x5a, 0x4c, 0x00, 0x80,
	0x06, 0x02, 0x00, 0x00, 0x5a, 0x00, 0x66, 0x15, 0x00, 0x80, 0x1f, 0x00,
	0x82, 0x15, 0x00, 0x80, 0x03, 0x02, 0x00, 0x00, 0xb0, 0x09, 0x35, 0x0f,
	0x00, 0x80, 0xe7, 0x06, 0x3e, 0x10, 0x00, 0x80, 0x06, 0x02, 0x00, 0x00,
	0x20, 0x09, 0x97, 0x17, 0x00, 0x80, 0x28, 0x09, 0xe6, 0x17, 0x00, 0x80,
	0x06, 0x02, 0x00, 0x00, 0x33, 0x09, 0x8b, 0x16, 0x00, 0x80, 0x6b, 0x09,
	0x0f, 0x17, 0x00, 0x80, 0x05, 0x02, 0x00, 0x00, 0x6d, 0x0a, 0x1b, 0x17,
	0x00, 0x80, 0x6b, 0x09, 0x0f, 0x17, 0x00, 0x80, 0x05, 0x03, 0x00, 0x00,
	0x6b, 0x09, 0x0f, 0x17, 0x00, 0x80, 0xf9, 0x08, 0xe6, 0x1e, 0x00, 0x80,
	0x66, 0x0a, 0xff, 0x26, 0x00, 0x80, 0x06, 0x03, 0x00, 0x00, 0x3e, 0x0c,
	0xca, 0x15, 0x00, 0x80, 0xdb, 0x0b, 0xcc, 0x14, 0x00, 0x80, 0x98, 0x0a,
	0xbe, 0x14, 0x00, 0x80, 0x04, 0x02, 0x00, 0x00, 0x33, 0x0e, 0x34, 0x15,
	0x00, 0x80, 0x4d, 0x0c, 0x32, 0x15, 0x00, 0x80, 0x04, 0x02, 0x00, 0x00,
	0xda, 0x0b, 0xf0, 0x15, 0x00, 0x80, 0xd6, 0x0b, 0x39, 0x17, 0x00, 0x80,
	0x04, 0x02, 0x00, 0x00, 0xcc, 0x0b, 0x1a, 0x1b, 0x00, 0x80, 0xc6, 0x0b,
	0x46, 0x1c, 0x00, 0x80, 0x04, 0x02, 0x00, 0x00, 0x4d, 0x0c, 0x32, 0x15,
	0x00, 0x80, 0xda, 0x0b, 0xf0, 0x15, 0x00, 0x80, 0x04, 0x02, 0x00, 0x00,
	0xcd, 0x0b, 0x9b, 0x19, 0x00, 0x80, 0xcc, 0x0b, 0x1a, 0x1b, 0x00, 0x80,
	0x04, 0x02, 0x00, 0x00, 0xc6, 0x0b, 0x46, 0x1c, 0x00, 0x80, 0x56, 0x0c,
	0x9f, 0x1f, 0x00, 0x80, 0x04, 0x02, 0x00, 0x00, 0xd6, 0x0b, 0x39, 0x17,
	0x00, 0x80, 0xd1, 0x0b, 0xd0, 0x18, 0x00, 0x80, 0x04, 0x02, 0x00, 0x00,
	0xd1, 0x0b, 0xd0, 0x18, 0x00, 0x80, 0xcd, 0x0b, 0x9b, 0x19, 0x00, 0x80,
	0x06, 0x02, 0x00, 0x00, 0x2c, 0x16, 0xbd, 0x22, 0x00, 0x80, 0x23, 0x16,
	0xc1, 0x22, 0x00, 0x80, 0x06, 0x02, 0x00, 0x00, 0x9c, 0x15, 0x0a, 0x23,
	0x00, 0x80, 0xa5, 0x15, 0x05, 0x23, 0x00, 0x80, 0x06, 0x02, 0x00, 0x00,
	0x82, 0x15, 0x17, 0x23, 0x00, 0x80, 0x7a, 0x15, 0x1c, 0x23, 0x00, 0x80,
	0x06, 0x02, 0x00, 0x00, 0xd8, 0x14, 0x72, 0x23, 0x00, 0x80, 0xcf, 0x14,
	0x76, 0x23, 0x00, 0x80, 0x06, 0x02, 0x00, 0x00, 0xf1, 0x14, 0x64, 0x23,
	0x00, 0x80, 0xfa, 0x14, 0x5f, 0x23, 0x00, 0x80, 0x06, 0x02, 0x00, 0x00,
	0x21, 0x14, 0xd3, 0x23, 0x00, 0x80, 0x2a, 0x14, 0xce, 0x23, 0x00, 0x80,
	0x06, 0x02, 0x00, 0x00, 0x08, 0x14, 0xe1, 0x23, 0x00, 0x80, 0xff, 0x13,
	0xe5, 0x23, 0x00, 0x80, 0x06, 0x02, 0x00, 0x00, 0x86, 0x13, 0x31, 0x24,
	0x00, 0x80, 0x93, 0x13, 0x29, 0x24, 0x00, 0x80, 0x06, 0x02, 0x00, 0x00,
	0x6d, 0x13, 0x3e, 0x24, 0x00, 0x80, 0x57, 0x13, 0x4a, 0x24, 0x00, 0x80,
	0x06, 0x02, 0x00, 0x00, 0xa7, 0x12, 0x9c, 0x24, 0x00, 0x80, 0xb0, 0x12,
	0x98, 0x24, 0x00, 0x80, 0x06, 0x02, 0x00, 0x00, 0x8e, 0x12, 0xaa, 0x24,
	0x00, 0x80, 0x85, 0x12, 0xaf, 0x24, 0x00, 0x80, 0x06, 0x02, 0x00, 0x00,
	0xbc, 0x11, 0x1a, 0x25, 0x00, 0x80, 0xa0, 0x11, 0x29, 0x25, 0x00, 0x80,
	0x06, 0x02, 0x00, 0x00, 0x4e, 0x16, 0xaa, 0x22, 0x00, 0x80, 0x46, 0x16,
	0xaf, 0x22, 0x00, 0x80, 0x06, 0x02, 0x00, 0x00, 0xa0, 0x11, 0x29, 0x25,
	0x00, 0x80, 0xa3, 0x10, 0xae, 0x25, 0x00, 0x80, 0x06, 0x02, 0x00, 0x00,
	0xc4, 0x16, 0x5c, 0x22, 0x00, 0x80, 0x4e, 0x16, 0xaa, 0x22, 0x00, 0x80,
	0x06, 0x04, 0x00, 0x00, 0xe0, 0x11, 0x96, 0x24, 0x00, 0x80, 0x99, 0x12,
	0x12, 0x25, 0x00, 0x80, 0xf3, 0x11, 0x6a, 0x25, 0x00, 0x80, 0xe0, 0x11,
	0x96, 0x24, 0x00, 0x80, 0x06, 0x04, 0x00, 0x00, 0xc2, 0x12, 0x1e, 0x24,
	0x00, 0x80, 0x69, 0x13, 0xa3, 0x24, 0x00, 0x80, 0xc4, 0x12, 0xfb, 0x24,
	0x00, 0x80, 0xc2, 0x12, 0x1e, 0x24, 0x00, 0x80, 0x06, 0x03, 0x00, 0x00,
	0x13, 0x14, 0x49, 0x24, 0x00, 0x80, 0x6b, 0x13, 0xc4, 0x23, 0x00, 0x80,
	0x13, 0x14, 0x49, 0x24, 0x00, 0x80, 0x06, 0x05, 0x00, 0x00, 0xe3, 0x14,
	0xd9, 0x23, 0x00, 0x80, 0x3e, 0x14, 0x31, 0x24, 0x00, 0x80, 0x16, 0x14,
	0x69, 0x23, 0x00, 0x80, 0xbb, 0x14, 0x11, 0x23, 0x00, 0x80, 0xe3, 0x14,
	0xd9, 0x23, 0x00, 0x80, 0x06, 0x02, 0x00, 0x00, 0xd6, 0x11, 0x0c, 0x25,
	0x00, 0x80, 0xdf, 0x11, 0x07, 0x25, 0x00, 0x80, 0x06, 0x02, 0x00, 0x00,
	0xa0, 0x11, 0xb8, 0x24, 0x00, 0x80, 0xc8, 0x11, 0x81, 0x25, 0x00, 0x80,
	0x06, 0x02, 0x00, 0x00, 0x62, 0x16, 0x0d, 0x23, 0x00, 0x80, 0x3a, 0x16,
	0x45, 0x22, 0x00, 0x80, 0x06, 0x03, 0x00, 0x00, 0x37, 0x16, 0x25, 0x23,
	0x00, 0x80, 0x90, 0x15, 0x9f, 0x22, 0x00, 0x80, 0x37, 0x16, 0x25, 0x23,
	0x00, 0x80, 0x06, 0x03, 0x00, 0x00, 0x8e, 0x15, 0x7f, 0x23, 0x00, 0x80,
	0xe6, 0x14, 0xfa, 0x22, 0x00, 0x80, 0x8e, 0x15, 0x7f, 0x23, 0x00, 0x80,
	0x06, 0x02, 0x00, 0x00, 0x6a, 0x16, 0x5b, 0x23, 0x00, 0x80, 0x85, 0x16,
	0xe1, 0x23, 0x00, 0x80, 0x06, 0x02, 0x00, 0x00, 0x46, 0x16, 0xaf, 0x22,
	0x00, 0x80, 0x2c, 0x16, 0xbd, 0x22, 0x00, 0x80, 0x06, 0x02, 0x00, 0x00,
	0x2c, 0x16, 0xbd, 0x22, 0x00, 0x80, 0x46, 0x16, 0xaf, 0x22, 0x00, 0x80,
	0x06, 0x02, 0x00, 0x00, 0x9c, 0x15, 0x0a, 0x23, 0x00, 0x80, 0x82, 0x15,
	0x17, 0x23, 0x00, 0x80, 0x06, 0x02, 0x00, 0x00, 0x82, 0x15, 0x17, 0x23,
	0x00, 0x80, 0x9c, 0x15, 0x0a, 0x23, 0x00, 0x80, 0x06, 0x02, 0x00, 0x00,
	0xf1, 0x14, 0x64, 0x23, 0x00, 0x80, 0xd8, 0x14, 0x72, 0x23, 0x00, 0x80,
	0x06, 0x02, 0x00, 0x00, 0x21, 0x14, 0xd3, 0x23, 0x00, 0x80, 0x08, 0x14,
	0xe1, 0x23, 0x00, 0x80, 0x06, 0x02, 0x00, 0x00, 0x6d, 0x13, 0x3e, 0x24,
	0x00, 0x80, 0x86, 0x13, 0x31, 0x24, 0x00, 0x80, 0x06, 0x02, 0x00, 0x00,
	0xa7, 0x12, 0x9c, 0x24, 0x00, 0x80, 0x8e, 0x12, 0xaa, 0x24, 0x00, 0x80,
	0x06, 0x02, 0x00, 0x00, 0xd6, 0x11, 0x0c, 0x25, 0x00, 0x80, 0xbc, 0x11,
	0x1a, 0x25, 0x00, 0x80, 0x06, 0x02, 0x00, 0x00, 0x7c, 0x13, 0x78, 0x1c,
	0x00, 0x80, 0x81, 0x13, 0x90, 0x1c, 0x00, 0x80, 0x06, 0x02, 0x00, 0x00,
	0xaa, 0x12, 0xe7, 0x1c, 0x00, 0x80, 0xaf, 0x12, 0xff, 0x1c, 0x00, 0x80,
	0x06, 0x02, 0x00, 0x00, 0x00, 0x12, 0x41, 0x1d, 0x00, 0x80, 0x04, 0x12,
	0x59, 0x1d, 0x00, 0x80, 0x06, 0x02, 0x00, 0x00, 0x31, 0x11, 0xaf, 0x1d,
	0x00, 0x80, 0x36, 0x11, 0xc6, 0x1d, 0x00, 0x80, 0x06, 0x02, 0x00, 0x00,
	0x24, 0x14, 0x1e, 0x1c, 0x00, 0x80, 0x29, 0x14, 0x36, 0x1c, 0x00, 0x80,
	0x06, 0x02, 0x00, 0x00, 0x4e, 0x10, 0x41, 0x1e, 0x00, 0x80, 0x49, 0x10,
	0x29, 0x1e, 0x00, 0x80, 0x06, 0x02, 0x00, 0x00, 0xb5, 0x14, 0xd2, 0x1b,
	0x00, 0x80, 0xba, 0x14, 0xe9, 0x1b, 0x00, 0x80, 0x04, 0x02, 0x00, 0x00,
	0x05, 0x13, 0x56, 0x2b, 0x00, 0x80, 0x37, 0x13, 0x6b, 0x2c, 0x00, 0x80,
	0x04, 0x02, 0x00, 0x00, 0x00, 0x18, 0x05, 0x2c, 0x00, 0x80, 0xca, 0x17,
	0x13, 0x2c, 0x00, 0x80, 0x04, 0x02, 0x00, 0x00, 0xbf, 0x14, 0x71, 0x2e,
	0x00, 0x80, 0x2b, 0x15, 0x0e, 0x30, 0x00, 0x80, 0x04, 0x02, 0x00, 0x00,
	0x71, 0x15, 0xf9, 0x2d, 0x00, 0x80, 0xcd, 0x15, 0x9f, 0x2f, 0x00, 0x80,
	0x04, 0x02, 0x00, 0x00, 0x00, 0x16, 0x99, 0x2d, 0x00, 0x80, 0x4c, 0x16,
	0x49, 0x2f, 0x00, 0x80, 0x04, 0x03, 0x00, 0x00, 0xcc, 0x16, 0x2f, 0x2d,
	0x00, 0x80, 0xf8, 0x16, 0xcd, 0x2e, 0x00, 0x80, 0x95, 0x14, 0x74, 0x30,
	0x00, 0x80, 0x04, 0x02, 0x00, 0x00, 0x2b, 0x16, 0xba, 0x29, 0x00, 0x80,
	0xcc, 0x16, 0x2f, 0x2d, 0x00, 0x80, 0x04, 0x02, 0x00, 0x00, 0xe0, 0x13,
	0xf1, 0x2a, 0x00, 0x80, 0xbf, 0x14, 0x71, 0x2e, 0x00, 0x80, 0x06, 0x03,
	0x00, 0x00, 0xd2, 0x0d, 0xbf, 0x18, 0x00, 0x80, 0xb3, 0x0e, 0xc5, 0x18,
	0x00, 0x80, 0xb6, 0x0f, 0x38, 0x23, 0x00, 0x80, 0x06, 0x02, 0x00, 0x00,
	0x2d, 0x0e, 0xd3, 0x1a, 0x00, 0x80, 0x0e, 0x0e, 0xd1, 0x1a, 0x00, 0x80,
	0x06, 0x02, 0x00, 0x00, 0x5b, 0x0e, 0x68, 0x1c, 0x00, 0x80, 0x0e, 0x0e,
	0xba, 0x1c, 0x00, 0x80, 0x06, 0x02, 0x00, 0x00, 0xc1, 0x0e, 0x94, 0x1e,
	0x00, 0x80, 0x5e, 0x0e, 0x84, 0x1e, 0x00, 0x80, 0x06, 0x02, 0x00, 0x00,
	0x48, 0x0f, 0xda, 0x20, 0x00, 0x80, 0x6d, 0x0f, 0x01, 0x22, 0x00, 0x80,
	0x06, 0x02, 0x00, 0x00, 0x15, 0x0e, 0xc0, 0x18, 0x00, 0x80, 0xcd, 0x0e,
	0xca, 0x20, 0x00, 0x80, 0x04, 0x02, 0x00, 0x00, 0x45, 0x0f, 0xef, 0x18,
	0x00, 0x80, 0x33, 0x0e, 0xf0, 0x15, 0x00, 0x80, 0x06, 0x02, 0x00, 0x00,
	0x42, 0x10, 0x33, 0x26, 0x00, 0x80, 0x25, 0x10, 0xa6, 0x25, 0x00, 0x80,
	0x06, 0x02, 0x00, 0x00, 0x43, 0x0a, 0x3c, 0x2a, 0x00, 0x80, 0x94, 0x0a,
	0xd4, 0x2b, 0x00, 0x80, 0x04, 0x02, 0x00, 0x00, 0x8d, 0x0a, 0xdc, 0x35,
	0x00, 0x80, 0x67, 0x0a, 0x28, 0x35, 0x00, 0x80, 0x06, 0x02, 0x00, 0x00,
	0xe0, 0x0b, 0x3b, 0x26, 0x00, 0x80, 0x66, 0x0a, 0xff, 0x26, 0x00, 0x80,
	0x02, 0x02, 0x00, 0x00, 0x69, 0x0a, 0x7d, 0x0b, 0x00, 0x80, 0x1e, 0x0a,
	0x0d, 0x0a, 0x00, 0x80, 0x04, 0x02, 0x00, 0x00, 0xc1, 0x09, 0x2c, 0x36,
	0x00, 0x80, 0xfe, 0x09, 0x6a, 0x37, 0x00, 0x80, 0x04, 0x02, 0x00, 0x00,
	0xa3, 0x09, 0x92, 0x35, 0x00, 0x80, 0xc1, 0x09, 0x2c, 0x36, 0x00, 0x80,
	0x04, 0x02, 0x00, 0x00, 0xaf, 0x02, 0xde, 0x28, 0x00, 0x80, 0x05, 0x00,
	0x58, 0x29, 0x00, 0x80, 0x04, 0x02, 0x00, 0x00, 0x03, 0x00, 0x7b, 0x32,
	0x00, 0x80, 0x8d, 0x00, 0x1e, 0x32, 0x00, 0x80, 0x03, 0x02, 0x00, 0x00,
	0xc5, 0x1a, 0x9d, 0x13, 0x00, 0x80, 0xbc, 0x19, 0x25, 0x14, 0x00, 0x80,
	0x06, 0x02, 0x00, 0x00, 0xbd, 0x0f, 0xc9, 0x38, 0x00, 0x80, 0xf5, 0x12,
	0x1e, 0x37, 0x00, 0x80, 0x03, 0x02, 0x00, 0x00, 0xb6, 0x11, 0xa8, 0x38,
	0x00, 0x80, 0x72, 0x12, 0xad, 0x38, 0x00, 0x80, 0x05, 0x02, 0x00, 0x00,
	0xbd, 0x0f, 0xc9, 0x38, 0x00, 0x80, 0x11, 0x0d, 0xfc, 0x2b, 0x00, 0x80,
	0x06, 0x02, 0x00, 0x00, 0xf5, 0x12, 0x1e, 0x37, 0x00, 0x80, 0x14, 0x13,
	0x0d, 0x37, 0x00, 0x80, 0x06, 0x02, 0x00, 0x00, 0x8e, 0x11, 0xd5, 0x37,
	0x00, 0x80, 0xb6, 0x11, 0xa8, 0x38, 0x00, 0x80, 0x05, 0x02, 0x00, 0x00,
	0xf7, 0x04, 0x5d, 0x4b, 0x00, 0x80, 0x14, 0x00, 0x87, 0x4d, 0x00, 0x80,
	0x05, 0x02, 0x00, 0x00, 0x80, 0x19, 0x6a, 0x0d, 0x00, 0x80, 0x2a, 0x1b,
	0xe8, 0x0b, 0x00, 0x80, 0x05, 0x02, 0x00, 0x00, 0xa9, 0x18, 0x43, 0x09,
	0x00, 0x80, 0x16, 0x19, 0xdf, 0x0b, 0x00, 0x80, 0x05, 0x02, 0x00, 0x00,
	0xfc, 0x06, 0x29, 0x00, 0x00, 0x80, 0x27, 0x09, 0xc4, 0x09, 0x00, 0x80,
	0x04, 0x02, 0x00, 0x00, 0xbb, 0x00, 0x0c, 0x32, 0x00, 0x80, 0x61, 0x02,
	0x6c, 0x31, 0x00, 0x80, 0x04, 0x02, 0x00, 0x00, 0x8d, 0x00, 0x1e, 0x32,
	0x00, 0x80, 0xbb, 0x00, 0x0c, 0x32, 0x00, 0x80, 0x03, 0x02, 0x00, 0x00,
	0x10, 0x18, 0xf6, 0x1f, 0x00, 0x80, 0x67, 0x17, 0x5a, 0x20, 0x00, 0x80,
	0x04, 0x03, 0x00, 0x00, 0x7f, 0x12, 0xd4, 0x30, 0x00, 0x80, 0x5b, 0x13,
	0x8a, 0x2e, 0x00, 0x80, 0xa5, 0x12, 0x43, 0x2b, 0x00, 0x80, 0x04, 0x03,
	0x00, 0x00, 0xe5, 0x03, 0x51, 0x3f, 0x00, 0x80, 0x1f, 0x04, 0xec, 0x3f,
	0x00, 0x80, 0xbb, 0x06, 0xbe, 0x3d, 0x00, 0x80, 0x03, 0x02, 0x00, 0x00,
	0x1e, 0x14, 0x8b, 0x42, 0x00, 0x80, 0x05, 0x14, 0x2c, 0x43, 0x00, 0x80,
	0x03, 0x02, 0x00, 0x00, 0x48, 0x14, 0xe9, 0x41, 0x00, 0x80, 0x1e, 0x14,
	0x8b, 0x42, 0x00, 0x80, 0x04, 0x03, 0x00, 0x00, 0x50, 0x15, 0xf6, 0x38,
	0x00, 0x80, 0x4e, 0x16, 0x7f, 0x38, 0x00, 0x80, 0x87, 0x16, 0xd5, 0x3e,
	0x00, 0x80, 0x04, 0x02, 0x00, 0x00, 0x48, 0x15, 0x55, 0x36, 0x00, 0x80,
	0x5f, 0x15, 0xd1, 0x36, 0x00, 0x80, 0x04, 0x03, 0x00, 0x00, 0x5f, 0x15,
	0xd1, 0x36, 0x00, 0x80, 0xe1, 0x15, 0x40, 0x38, 0x00, 0x80, 0xc3, 0x15,
	0x15, 0x36, 0x00, 0x80, 0x04, 0x03, 0x00, 0x00, 0x53, 0x15, 0x94, 0x36,
	0x00, 0x80, 0x16, 0x16, 0x9d, 0x36, 0x00, 0x80, 0x4e, 0x16, 0x7f, 0x38,
	0x00, 0x80, 0x06, 0x02, 0x00, 0x00, 0xe4, 0x0f, 0xbf, 0x2a, 0x00, 0x80,
	0xb9, 0x0f, 0xc9, 0x2a, 0x00, 0x80, 0x06, 0x02, 0x00, 0x00, 0xda, 0x0f,
	0x40, 0x2a, 0x00, 0x80, 0x7e, 0x0f, 0x54, 0x2a, 0x00, 0x80, 0x06, 0x02,
	0x00, 0x00, 0xb9, 0x0f, 0xc9, 0x2a, 0x00, 0x80, 0x94, 0x0d, 0x40, 0x2b,
	0x00, 0x80, 0x06, 0x02, 0x00, 0x00, 0xa0, 0x0f, 0x9c, 0x3b, 0x00, 0x80,
	0xb2, 0x0f, 0xfd, 0x3b, 0x00, 0x80, 0x06, 0x02, 0x00, 0x00, 0xa4, 0x0f,
	0x3e, 0x3e, 0x00, 0x80, 0xd8, 0x0f, 0x24, 0x3e, 0x00, 0x80, 0x06, 0x02,
	0x00, 0x00, 0x29, 0x0f, 0xdc, 0x3b, 0x00, 0x80, 0xaa, 0x0f, 0x57, 0x3e,
	0x00, 0x80, 0x06, 0x02, 0x00, 0x00, 0xd8, 0x0f, 0x24, 0x3e, 0x00, 0x80,
	0x2a, 0x10, 0xd1, 0x3f, 0x00, 0x80, 0x06, 0x02, 0x00, 0x00, 0xaa, 0x0f,
	0x57, 0x3e, 0x00, 0x80, 0xf9, 0x0f, 0xeb, 0x3f, 0x00, 0x80, 0x06, 0x02,
	0x00, 0x00, 0xb2, 0x0f, 0xfd, 0x3b, 0x00, 0x80, 0x73, 0x10, 0xaa, 0x3f,
	0x00, 0x80, 0x03, 0x02, 0x00, 0x00, 0x39, 0x17, 0x70, 0x20, 0x00, 0x80,
	0xd4, 0x18, 0xa9, 0x24, 0x00, 0x80, 0x03, 0x02, 0x00, 0x00, 0x06, 0x19,
	0xe4, 0x23, 0x00, 0x80, 0x34, 0x19, 0x4f, 0x23, 0x00, 0x80, 0x03, 0x02,
	0x00, 0x00, 0x34, 0x19, 0x4f, 0x23, 0x00, 0x80, 0x6d, 0x19, 0x50, 0x22,
	0x00, 0x80, 0x03, 0x02, 0x00, 0x00, 0xb6, 0x18, 0x9e, 0x21, 0x00, 0x80,
	0xdb, 0x17, 0x09, 0x21, 0x00, 0x80, 0x03, 0x02, 0x00, 0x00, 0xf4, 0x18,
	0xcf, 0x21, 0x00, 0x80, 0xb6, 0x18, 0x9e, 0x21, 0x00, 0x80, 0x05, 0x02,
	0x00, 0x00, 0xe5, 0x0b, 0x9c, 0x26, 0x00, 0x80, 0xe0, 0x0b, 0x3b, 0x26,
	0x00, 0x80, 0x06, 0x02, 0x00, 0x00, 0xed, 0x0b, 0x31, 0x26, 0x00, 0x80,
	0xe0, 0x0b, 0x3b, 0x26, 0x00, 0x80, 0x05, 0x02, 0x00, 0x00, 0x66, 0x0a,
	0xff, 0x26, 0x00, 0x80, 0x80, 0x0a, 0x5e, 0x27, 0x00, 0x80, 0x04, 0x02,
	0x00, 0x00, 0x10, 0x19, 0x46, 0x2c, 0x00, 0x80, 0x21, 0x18, 0xdd, 0x26,
	0x00, 0x80, 0x04, 0x02, 0x00, 0x00, 0xc4, 0x18, 0x8c, 0x2c, 0x00, 0x80,
	0x19, 0x19, 0xfe, 0x2e, 0x00, 0x80, 0x05, 0x02, 0x00, 0x00, 0x4a, 0x09,
	0x9f, 0x18, 0x00, 0x80, 0x54, 0x0a, 0xa8, 0x18, 0x00, 0x80, 0x05, 0x02,
	0x00, 0x00, 0x33, 0x0b, 0xf1, 0x17, 0x00, 0x80, 0x6d, 0x0a, 0x1b, 0x17,
	0x00, 0x80, 0x05, 0x02, 0x00, 0x00, 0x54, 0x0a, 0xa8, 0x18, 0x00, 0x80,
	0x33, 0x0b, 0xf1, 0x17, 0x00, 0x80, 0x06, 0x02, 0x00, 0x00, 0xdb, 0x17,
	0x09, 0x21, 0x00, 0x80, 0xc4, 0x16, 0x5c, 0x22, 0x00, 0x80, 0x03, 0x02,
	0x00, 0x00, 0xdb, 0x17, 0x09, 0x21, 0x00, 0x80, 0x39, 0x17, 0x70, 0x20,
	0x00, 0x80, 0x05, 0x02, 0x00, 0x00, 0x98, 0x0a, 0xbe, 0x14, 0x00, 0x80,
	0xcf, 0x0a, 0xe4, 0x0b, 0x00, 0x80, 0x06, 0x02, 0x00, 0x00, 0xa0, 0x16,
	0xfc, 0x1d, 0x00, 0x80, 0x75, 0x16, 0x0c, 0x1e, 0x00, 0x80, 0x06, 0x02,
	0x00, 0x00, 0xfd, 0x16, 0xeb, 0x1f, 0x00, 0x80, 0xd5, 0x16, 0x00, 0x20,
	0x00, 0x80, 0x06, 0x02, 0x00, 0x00, 0xa6, 0x11, 0xa5, 0x27, 0x00, 0x80,
	0x99, 0x11, 0xac, 0x27, 0x00, 0x80, 0x06, 0x02, 0x00, 0x00, 0xb3, 0x11,
	0x9f, 0x27, 0x00, 0x80, 0xa6, 0x11, 0xa5, 0x27, 0x00, 0x80, 0x04, 0x02,
	0x00, 0x00, 0x48, 0x01, 0xfd, 0x34, 0x00, 0x80, 0x4b, 0x01, 0x57, 0x35,
	0x00, 0x80, 0x03, 0x02, 0x00, 0x00, 0x14, 0x1b, 0x41, 0x30, 0x00, 0x80,
	0x01, 0x1a, 0x94, 0x2a, 0x00, 0x80, 0x06, 0x04, 0x00, 0x00, 0x5b, 0x0b,
	0x4e, 0x2d, 0x00, 0x80, 0x4f, 0x0b, 0xf4, 0x2b, 0x00, 0x80, 0x6f, 0x0a,
	0xda, 0x2b, 0x00, 0x80, 0x18, 0x05, 0xa4, 0x2e, 0x00, 0x80, 0x06, 0x02,
	0x00, 0x00, 0x4a, 0x17, 0xc5, 0x1f, 0x00, 0x80, 0x67, 0x17, 0x5a, 0x20,
	0x00, 0x80, 0x06, 0x02, 0x00, 0x00, 0x8c, 0x13, 0x03, 0x4c, 0x00, 0x80,
	0xf2, 0x11, 0xde, 0x4c, 0x00, 0x80, 0x06, 0x02, 0x00, 0x00, 0xef, 0x13,
	0xe9, 0x4d, 0x00, 0x80, 0x56, 0x12, 0xc2, 0x4e, 0x00, 0x80, 0x04, 0x03,
	0x00, 0x00, 0xe4, 0x10, 0xcc, 0x31, 0x00, 0x80, 0xb3, 0x11, 0xbf, 0x35,
	0x00, 0x80, 0xb1, 0x12, 0x3a, 0x35, 0x00, 0x80, 0x06, 0x02, 0x00, 0x00,
	0x3f, 0x14, 0xc5, 0x3a, 0x00, 0x80, 0x8a, 0x15, 0x0d, 0x3a, 0x00, 0x80,
	0x06, 0x02, 0x00, 0x00, 0x67, 0x15, 0x1d, 0x3a, 0x00, 0x80, 0x59, 0x16,
	0xc1, 0x3e, 0x00, 0x80, 0x06, 0x02, 0x00, 0x00, 0xcc, 0x15, 0x8e, 0x40,
	0x00, 0x80, 0xad, 0x15, 0xf4, 0x3f, 0x00, 0x80, 0x06, 0x02, 0x00, 0x00,
	0xf2, 0x15, 0x4f, 0x41, 0x00, 0x80, 0xcc, 0x15, 0x8e, 0x40, 0x00, 0x80,
	0x06, 0x02, 0x00, 0x00, 0x7b, 0x16, 0x87, 0x43, 0x00, 0x80, 0x68, 0x16,
	0x92, 0x43, 0x00, 0x80, 0x05, 0x02, 0x00, 0x00, 0x77, 0x18, 0x46, 0x40,
	0x00, 0x80, 0x06, 0x17, 0x03, 0x41, 0x00, 0x80, 0x02, 0x02, 0x00, 0x00,
	0xaf, 0x17, 0x44, 0x41, 0x00, 0x80, 0x28, 0x17, 0x8e, 0x41, 0x00, 0x80,
	0x02, 0x02, 0x00, 0x00, 0xb4, 0x17, 0x5f, 0x42, 0x00, 0x80, 0x8b, 0x18,
	0xed, 0x41, 0x00, 0x80, 0x05, 0x02, 0x00, 0x00, 0xb1, 0x17, 0x34, 0x43,
	0x00, 0x80, 0x8d, 0x18, 0xb3, 0x42, 0x00, 0x80, 0x05, 0x02, 0x00, 0x00,
	0x8d, 0x18, 0xb3, 0x42, 0x00, 0x80, 0x48, 0x1a, 0x39, 0x42, 0x00, 0x80,
	0x02, 0x02, 0x00, 0x00, 0x7f, 0x18, 0xd0, 0x40, 0x00, 0x80, 0xaf, 0x17,
	0x44, 0x41, 0x00, 0x80, 0x06, 0x02, 0x00, 0x00, 0x9f, 0x1a, 0x1b, 0x44,
	0x00, 0x80, 0xa2, 0x1a, 0x25, 0x44, 0x00, 0x80, 0x06, 0x02, 0x00, 0x00,
	0xb1, 0x1a, 0x09, 0x44, 0x00, 0x80, 0xb5, 0x1a, 0xf5, 0x43, 0x00, 0x80,
	0x03, 0x02, 0x00, 0x00, 0x28, 0x0d, 0x4a, 0x48, 0x00, 0x80, 0x71, 0x0b,
	0x1d, 0x49, 0x00, 0x80, 0x02, 0x02, 0x00, 0x00, 0x1e, 0x0a, 0x0d, 0x0a,
	0x00, 0x80, 0xb1, 0x09, 0x3e, 0x0a, 0x00, 0x80, 0x02, 0x02, 0x00, 0x00,
	0xa5, 0x12, 0x4f, 0x47, 0x00, 0x80, 0x03, 0x13, 0x1c, 0x46, 0x00, 0x80,
	0x04, 0x02, 0x00, 0x00, 0xa6, 0x0e, 0x44, 0x1c, 0x00, 0x80, 0x15, 0x0f,
	0x66, 0x1e, 0x00, 0x80, 0x04, 0x02, 0x00, 0x00, 0x56, 0x0c, 0x9f, 0x1f,
	0x00, 0x80, 0xa3, 0x0c, 0xd5, 0x20, 0x00, 0x80, 0x04, 0x02, 0x00, 0x00,
	0x31, 0x0d, 0xf0, 0x20, 0x00, 0x80, 0x2d, 0x0e, 0x74, 0x20, 0x00, 0x80,
	0x05, 0x02, 0x00, 0x00, 0xec, 0x16, 0x85, 0x20, 0x00, 0x80, 0x39, 0x17,
	0x70, 0x20, 0x00, 0x80, 0x03, 0x02, 0x00, 0x00, 0x46, 0x15, 0xea, 0x15,
	0x00, 0x80, 0x99, 0x15, 0x01, 0x13, 0x00, 0x80, 0x03, 0x02, 0x00, 0x00,
	0x99, 0x15, 0x01, 0x13, 0x00, 0x80, 0x76, 0x17, 0x72, 0x0e, 0x00, 0x80,
	0x03, 0x02, 0x00, 0x00, 0x99, 0x15, 0x01, 0x13, 0x00, 0x80, 0x46, 0x15,
	0xea, 0x15, 0x00, 0x80, 0x03, 0x02, 0x00, 0x00, 0x1e, 0x17, 0xe2, 0x1f,
	0x00, 0x80, 0x46, 0x15, 0xea, 0x15, 0x00, 0x80, 0x03, 0x02, 0x00, 0x00,
	0xb7, 0x1a, 0x7a, 0x2a, 0x00, 0x80, 0x29, 0x1b, 0x88, 0x2b, 0x00, 0x80,
	0x06, 0x02, 0x00, 0x00, 0x3f, 0x11, 0xcc, 0x09, 0x00, 0x80, 0x47, 0x14,
	0x28, 0x09, 0x00, 0x80, 0x06, 0x02, 0x00, 0x00, 0xed, 0x13, 0x6f, 0x06,
	0x00, 0x80, 0x07, 0x11, 0xa9, 0x07, 0x00, 0x80, 0x01, 0x02, 0x00, 0x00,
	0x25, 0x1b, 0x4a, 0x04, 0x00, 0x80, 0xf4, 0x18, 0x45, 0x05, 0x00, 0x80,
	0x01, 0x02, 0x00, 0x00, 0x27, 0x0d, 0xfe, 0x08, 0x00, 0x80, 0x8f, 0x0b,
	0x88, 0x09, 0x00, 0x80, 0x01, 0x02, 0x00, 0x00, 0x09, 0x15, 0xe0, 0x07,
	0x00, 0x80, 0x0c, 0x16, 0x76, 0x07, 0x00, 0x80, 0x01, 0x02, 0x00, 0x00,
	0x8d, 0x16, 0x4f, 0x06, 0x00, 0x80, 0x9b, 0x15, 0xbd, 0x06, 0x00, 0x80,
	0x02, 0x02, 0x00, 0x00, 0xe0, 0x08, 0xef, 0x0b, 0x00, 0x80, 0x33, 0x09,
	0xd5, 0x0b, 0x00, 0x80, 0x06, 0x02, 0x00, 0x00, 0x5b, 0x0d, 0xfb, 0x0a,
	0x00, 0x80, 0x3f, 0x11, 0xcc, 0x09, 0x00, 0x80, 0x06, 0x02, 0x00, 0x00,
	0xcf, 0x0a, 0xe4, 0x0b, 0x00, 0x80, 0x5b, 0x0d, 0xfb, 0x0a, 0x00, 0x80,
	0x06, 0x02, 0x00, 0x00, 0x1b, 0x0d, 0xd5, 0x08, 0x00, 0x80, 0x67, 0x0b,
	0x1f, 0x09, 0x00, 0x80, 0x06, 0x02, 0x00, 0x00, 0x07, 0x11, 0xa9, 0x07,
	0x00, 0x80, 0x1b, 0x0d, 0xd5, 0x08, 0x00, 0x80, 0x02, 0x02, 0x00, 0x00,
	0xed, 0x08, 0x43, 0x08, 0x00, 0x80, 0xb1, 0x09, 0x3e, 0x0a, 0x00, 0x80,
	0x03, 0x02, 0x00, 0x00, 0x83, 0x19, 0x78, 0x3f, 0x00, 0x80, 0x8b, 0x18,
	0xc3, 0x3d, 0x00, 0x80, 0x04, 0x02, 0x00, 0x00, 0x79, 0x19, 0x6f, 0x33,
	0x00, 0x80, 0xcb, 0x18, 0x31, 0x34, 0x00, 0x80, 0x06, 0x02, 0x00, 0x00,
	0xa0, 0x18, 0xa9, 0x42, 0x00, 0x80, 0xa4, 0x19, 0xf9, 0x48, 0x00, 0x80,
	0x03, 0x02, 0x00, 0x00, 0xdd, 0x1a, 0xe4, 0x3f, 0x00, 0x80, 0x4a, 0x1a,
	0x56, 0x3f, 0x00, 0x80, 0x02, 0x02, 0x00, 0x00, 0x8b, 0x18, 0xed, 0x41,
	0x00, 0x80, 0xad, 0x1a, 0x4a, 0x40, 0x00, 0x80, 0x05, 0x02, 0x00, 0x00,
	0x33, 0x09, 0xd5, 0x0b, 0x00, 0x80, 0xc7, 0x09, 0x20, 0x0c, 0x00, 0x80,
	0x06, 0x02, 0x00, 0x00, 0xdd, 0x10, 0xdf, 0x25, 0x00, 0x80, 0xc7, 0x10,
	0xeb, 0x25, 0x00, 0x80, 0x06, 0x02, 0x00, 0x00, 0xd8, 0x10, 0xc6, 0x25,
	0x00, 0x80, 0xc1, 0x10, 0xd2, 0x25, 0x00, 0x80, 0x06, 0x02, 0x00, 0x00,
	0xc6, 0x10, 0x6c, 0x25, 0x00, 0x80, 0xaf, 0x10, 0x78, 0x25, 0x00, 0x80,
	0x06, 0x02, 0x00, 0x00, 0xc1, 0x10, 0x53, 0x25, 0x00, 0x80, 0xaa, 0x10,
	0x5f, 0x25, 0x00, 0x80, 0x06, 0x02, 0x00, 0x00, 0x2f, 0x19, 0x06, 0x04,
	0x00, 0x80, 0x39, 0x19, 0xe3, 0x03, 0x00, 0x80, 0x06, 0x02, 0x00, 0x00,
	0xb1, 0x18, 0x49, 0x02, 0x00, 0x80, 0xa4, 0x18, 0x4c, 0x02, 0x00, 0x80,
	0x06, 0x02, 0x00, 0x00, 0x2c, 0x1b, 0x95, 0x03, 0x00, 0x80, 0x39, 0x1b,
	0xab, 0x03, 0x00, 0x80, 0x03, 0x02, 0x00, 0x00, 0x05, 0x0c, 0xf8, 0x17,
	0x00, 0x80, 0x25, 0x0d, 0xfc, 0x17, 0x00, 0x80, 0x03, 0x02, 0x00, 0x00,
	0xb6, 0x0b, 0xf6, 0x17, 0x00, 0x80, 0x05, 0x0c, 0xf8, 0x17, 0x00, 0x80,
	0x04, 0x02, 0x00, 0x00, 0xe2, 0x12, 0xb5, 0x00, 0x00, 0x80, 0x3e, 0x12,
	0xcb, 0x00, 0x00, 0x80, 0x04, 0x02, 0x00, 0x00, 0x86, 0x11, 0xe2, 0x00,
	0x00, 0x80, 0xbb, 0x11, 0x6d, 0x05, 0x00, 0x80, 0x04, 0x02, 0x00, 0x00,
	0x8a, 0x11, 0x38, 0x00, 0x00, 0x80, 0x08, 0x11, 0x22, 0x00, 0x00, 0x80,
	0x04, 0x02, 0x00, 0x00, 0x19, 0x15, 0x00, 0x15, 0x00, 0x80, 0x63, 0x14,
	0xeb, 0x14, 0x00, 0x80, 0x04, 0x02, 0x00, 0x00, 0x3e, 0x12, 0xcb, 0x00,
	0x00, 0x80, 0x8a, 0x11, 0x38, 0x00, 0x00, 0x80, 0x03, 0x02, 0x00, 0x00,
	0x33, 0x0b, 0xf1, 0x17, 0x00, 0x80, 0xb6, 0x0b, 0xf6, 0x17, 0x00, 0x80,
	0x04, 0x02, 0x00, 0x00, 0xce, 0x03, 0x0e, 0x47, 0x00, 0x80, 0x53, 0x03,
	0x4b, 0x47, 0x00, 0x80, 0x04, 0x02, 0x00, 0x00, 0x17, 0x04, 0xeb, 0x46,
	0x00, 0x80, 0xce, 0x03, 0x0e, 0x47, 0x00, 0x80, 0x03, 0x02, 0x00, 0x00,
	0x77, 0x04, 0xd6, 0x46, 0x00, 0x80, 0x1c, 0x04, 0x0b, 0x47, 0x00, 0x80,
	0x05, 0x02, 0x00, 0x00, 0xfa, 0x0d, 0xa2, 0x46, 0x00, 0x80, 0xf5, 0x0d,
	0x00, 0x46, 0x00, 0x80, 0x03, 0x02, 0x00, 0x00, 0xf9, 0x0e, 0x98, 0x45,
	0x00, 0x80, 0xf5, 0x0d, 0x00, 0x46, 0x00, 0x80, 0x06, 0x02, 0x00, 0x00,
	0x71, 0x00, 0x22, 0x2f, 0x00, 0x80, 0xa4, 0x00, 0x10, 0x2f, 0x00, 0x80,
	0x06, 0x02, 0x00, 0x00, 0x73, 0x00, 0x43, 0x2f, 0x00, 0x80, 0xa4, 0x00,
	0xa6, 0x2e, 0x00, 0x80, 0x03, 0x02, 0x00, 0x00, 0x14, 0x13, 0x0d, 0x37,
	0x00, 0x80, 0xe4, 0x11, 0x45, 0x31, 0x00, 0x80, 0x04, 0x02, 0x00, 0x00,
	0x15, 0x0f, 0x66, 0x1e, 0x00, 0x80, 0x8e, 0x0f, 0xb6, 0x20, 0x00, 0x80,
	0x06, 0x02, 0x00, 0x00, 0x96, 0x1a, 0x70, 0x2a, 0x00, 0x80, 0xb4, 0x19,
	0x10, 0x28, 0x00, 0x80, 0x02, 0x02, 0x00, 0x00, 0xfe, 0x09, 0x98, 0x0b,
	0x00, 0x80, 0x04, 0x0a, 0x2c, 0x11, 0x00, 0x80, 0x04, 0x02, 0x00, 0x00,
	0x00, 0x05, 0xd4, 0x2c, 0x00, 0x80, 0x2d, 0x05, 0x4f, 0x2e, 0x00, 0x80,
	0x04, 0x02, 0x00, 0x00, 0x0e, 0x05, 0x14, 0x32, 0x00, 0x80, 0x2d, 0x05,
	0x4f, 0x2e, 0x00, 0x80, 0x04, 0x03, 0x00, 0x00, 0x6d, 0x05, 0x0b, 0x2c,
	0x00, 0x80, 0x87, 0x0a, 0xd7, 0x28, 0x00, 0x80, 0x8c, 0x0b, 0xe1, 0x2a,
	0x00, 0x80, 0x04, 0x03, 0x00, 0x00, 0xf5, 0x0a, 0x60, 0x27, 0x00, 0x80,
	0x7f, 0x0a, 0xa8, 0x28, 0x00, 0x80, 0xf5, 0x04, 0x23, 0x2c, 0x00, 0x80,
	0x04, 0x02, 0x00, 0x00, 0x5c, 0x06, 0x3e, 0x2c, 0x00, 0x80, 0xa6, 0x07,
	0x75, 0x2b, 0x00, 0x80, 0x04, 0x02, 0x00, 0x00, 0xb0, 0x06, 0x0e, 0x2c,
	0x00, 0x80, 0xa6, 0x07, 0x75, 0x2b, 0x00, 0x80, 0x04, 0x02, 0x00, 0x00,
	0xb2, 0x06, 0xa5, 0x2b, 0x00, 0x80, 0x88, 0x05, 0x4f, 0x2c, 0x00, 0x80,
	0x04, 0x02, 0x00, 0x00, 0xd8, 0x07, 0x2a, 0x2b, 0x00, 0x80, 0xd7, 0x05,
	0x48, 0x2c, 0x00, 0x80, 0x04, 0x02, 0x00, 0x00, 0x7e, 0x05, 0xba, 0x2c,
	0x00, 0x80, 0xce, 0x07, 0x6f, 0x2b, 0x00, 0x80, 0x04, 0x02, 0x00, 0x00,
	0x78, 0x0c, 0x56, 0x14, 0x00, 0x80, 0x0e, 0x0e, 0x6a, 0x14, 0x00, 0x80,
	0x04, 0x02, 0x00, 0x00, 0xde, 0x03, 0xb3, 0x45, 0x00, 0x80, 0x84, 0x03,
	0xe0, 0x45, 0x00, 0x80, 0x04, 0x02, 0x00, 0x00, 0x93, 0x03, 0x2b, 0x46,
	0x00, 0x80, 0xec, 0x03, 0x02, 0x46, 0x00, 0x80, 0x06, 0x02, 0x00, 0x00,
	0xa1, 0x03, 0x71, 0x46, 0x00, 0x80, 0xdf, 0x02, 0xd8, 0x46, 0x00, 0x80,
	0x06, 0x02, 0x00, 0x00, 0xf8, 0x03, 0x44, 0x46, 0x00, 0x80, 0xa1, 0x03,
	0x71, 0x46, 0x00, 0x80, 0x04, 0x02, 0x00, 0x00, 0xaf, 0x03, 0xb6, 0x46,
	0x00, 0x80, 0x04, 0x04, 0x86, 0x46, 0x00, 0x80, 0x04, 0x02, 0x00, 0x00,
	0xed, 0x02, 0x4c, 0x47, 0x00, 0x80, 0xaf, 0x03, 0xb6, 0x46, 0x00, 0x80,
	0x06, 0x02, 0x00, 0x00, 0x2c, 0x09, 0xef, 0x44, 0x00, 0x80, 0xbc, 0x09,
	0xa9, 0x44, 0x00, 0x80, 0x04, 0x02, 0x00, 0x00, 0x4e, 0x0c, 0x7e, 0x43,
	0x00, 0x80, 0xa1, 0x0a, 0x57, 0x44, 0x00, 0x80, 0x06, 0x02, 0x00, 0x00,
	0xbc, 0x09, 0xa9, 0x44, 0x00, 0x80, 0xa1, 0x0a, 0x57, 0x44, 0x00, 0x80,
	0x04, 0x02, 0x00, 0x00, 0xb4, 0x0c, 0x47, 0x43, 0x00, 0x80, 0x4e, 0x0c,
	0x7e, 0x43, 0x00, 0x80, 0x03, 0x02, 0x00, 0x00, 0x63, 0x1a, 0xbf, 0x0f,
	0x00, 0x80, 0x30, 0x1a, 0x38, 0x0e, 0x00, 0x80, 0x03, 0x02, 0x00, 0x00,
	0x17, 0x1a, 0x7b, 0x0e, 0x00, 0x80, 0x63, 0x1a, 0xbf, 0x0f, 0x00, 0x80,
	0x06, 0x02, 0x00, 0x00, 0xa5, 0x00, 0x16, 0x28, 0x00, 0x80, 0x48, 0x02,
	0xe2, 0x27, 0x00, 0x80, 0x06, 0x02, 0x00, 0x00, 0x99, 0x00, 0xec, 0x26,
	0x00, 0x80, 0xab, 0x00, 0xa8, 0x28, 0x00, 0x80, 0x06, 0x02, 0x00, 0x00,
	0xa0, 0x00, 0x86, 0x27, 0x00, 0x80, 0x20, 0x02, 0x4f, 0x27, 0x00, 0x80,
	0x04, 0x02, 0x00, 0x00, 0xd3, 0x0d, 0x43, 0x1b, 0x00, 0x80, 0xd4, 0x0d,
	0x7b, 0x19, 0x00, 0x80, 0x03, 0x02, 0x00, 0x00, 0xf7, 0x04, 0x5d, 0x4b,
	0x00, 0x80, 0x2a, 0x05, 0x5f, 0x4c, 0x00, 0x80, 0x05, 0x02, 0x00, 0x00,
	0x04, 0x0c, 0xb4, 0x47, 0x00, 0x80, 0x4e, 0x0c, 0xda, 0x48, 0x00, 0x80,
	0x06, 0x02, 0x00, 0x00, 0x94, 0x10, 0xbc, 0x48, 0x00, 0x80, 0xb9, 0x0f,
	0xf5, 0x49, 0x00, 0x80, 0x05, 0x02, 0x00, 0x00, 0xb6, 0x17, 0xee, 0x07,
	0x00, 0x80, 0x4a, 0x18, 0xb9, 0x07, 0x00, 0x80, 0x05, 0x02, 0x00, 0x00,
	0x4a, 0x18, 0xb9, 0x07, 0x00, 0x80, 0xa9, 0x18, 0x43, 0x09, 0x00, 0x80,
	0x06, 0x02, 0x00, 0x00, 0x3d, 0x0f, 0xcd, 0x46, 0x00, 0x80, 0xf6, 0x0e,
	0xeb, 0x46, 0x00, 0x80, 0x06, 0x02, 0x00, 0x00, 0xab, 0x0c, 0x17, 0x48,
	0x00, 0x80, 0x95, 0x0c, 0x22, 0x48, 0x00, 0x80, 0x06, 0x02, 0x00, 0x00,
	0x95, 0x0c, 0x8f, 0x47, 0x00, 0x80, 0x7e, 0x0c, 0x9b, 0x47, 0x00, 0x80,
	0x06, 0x02, 0x00, 0x00, 0x1f, 0x0f, 0x47, 0x46, 0x00, 0x80, 0xdc, 0x0e,
	0x69, 0x46, 0x00, 0x80, 0x03, 0x02, 0x00, 0x00, 0x28, 0x0d, 0x4a, 0x48,
	0x00, 0x80, 0x9f, 0x0e, 0x86, 0x47, 0x00, 0x80, 0x06, 0x04, 0x00, 0x00,
	0xb0, 0x0e, 0x27, 0x18, 0x00, 0x80, 0xd2, 0x0f, 0x9a, 0x10, 0x00, 0x80,
	0xc3, 0x11, 0x1f, 0x0c, 0x00, 0x80, 0xa9, 0x1a, 0x30, 0x05, 0x00, 0x80,
	0x06, 0x05, 0x00, 0x00, 0xec, 0x19, 0x2f, 0x05, 0x00, 0x80, 0xc2, 0x13,
	0x49, 0x09, 0x00, 0x80, 0x07, 0x11, 0x41, 0x0c, 0x00, 0x80, 0x09, 0x0f,
	0x3a, 0x11, 0x00, 0x80, 0x92, 0x0e, 0x26, 0x18, 0x00, 0x80, 0x01, 0x02,
	0x00, 0x00, 0x56, 0x14, 0x6a, 0x08, 0x00, 0x80, 0x09, 0x15, 0xe0, 0x07,
	0x00, 0x80, 0x04, 0x02, 0x00, 0x00, 0x2d, 0x0e, 0x74, 0x20, 0x00, 0x80,
	0x68, 0x0e, 0x5a, 0x20, 0x00, 0x80, 0x03, 0x02, 0x00, 0x00, 0x34, 0x1a,
	0xcf, 0x0b, 0x00, 0x80, 0xf0, 0x19, 0xe5, 0x0b, 0x00, 0x80, 0x03, 0x02,
	0x00, 0x00, 0x06, 0x1a, 0x9a, 0x0c, 0x00, 0x80, 0x4d, 0x1a, 0x6f, 0x0c,
	0x00, 0x80, 0x06, 0x02, 0x00, 0x00, 0xe6, 0x19, 0x8f, 0x11, 0x00, 0x80,
	0xc5, 0x1a, 0x9d, 0x13, 0x00, 0x80, 0x03, 0x02, 0x00, 0x00, 0x78, 0x0c,
	0x65, 0x30, 0x00, 0x80, 0x56, 0x0d, 0xaa, 0x33, 0x00, 0x80, 0x02, 0x02,
	0x00, 0x00, 0x24, 0x0e, 0x47, 0x33, 0x00, 0x80, 0xcc, 0x0c, 0xe2, 0x2c,
	0x00, 0x80, 0x06, 0x02, 0x00, 0x00, 0x1d, 0x19, 0x0c, 0x24, 0x00, 0x80,
	0xe8, 0x18, 0xd6, 0x24, 0x00, 0x80, 0x06, 0x02, 0x00, 0x00, 0x46, 0x19,
	0x6b, 0x23, 0x00, 0x80, 0x1d, 0x19, 0x0c, 0x24, 0x00, 0x80, 0x06, 0x02,
	0x00, 0x00, 0xc8, 0x19, 0x89, 0x22, 0x00, 0x80, 0x46, 0x19, 0x6b, 0x23,
	0x00, 0x80, 0x06, 0x02, 0x00, 0x00, 0xa3, 0x1a, 0xb6, 0x43, 0x00, 0x80,
	0x0b, 0x1b, 0xba, 0x43, 0x00, 0x80, 0x06, 0x02, 0x00, 0x00, 0xd8, 0x11,
	0x49, 0x4d, 0x00, 0x80, 0x16, 0x12, 0x75, 0x4e, 0x00, 0x80, 0x04, 0x02,
	0x00, 0x00, 0xb5, 0x15, 0x75, 0x46, 0x00, 0x80, 0x71, 0x15, 0x39, 0x45,
	0x00, 0x80, 0x04, 0x02, 0x00, 0x00, 0x7c, 0x00, 0xe8, 0x34, 0x00, 0x80,
	0x87, 0x00, 0x2d, 0x36, 0x00, 0x80, 0x03, 0x02, 0x00, 0x00, 0x7c, 0x00,
	0xe8, 0x34, 0x00, 0x80, 0xc5, 0x00, 0x04, 0x36, 0x00, 0x80, 0x03, 0x02,
	0x00, 0x00, 0xc5, 0x00, 0x04, 0x36, 0x00, 0x80, 0x08, 0x01, 0x5b, 0x37,
	0x00, 0x80, 0x06, 0x03, 0x00, 0x00, 0x31, 0x0c, 0x5b, 0x00, 0x00, 0x80,
	0xf0, 0x0c, 0xec, 0x07, 0x00, 0x80, 0x87, 0x0b, 0xdd, 0x07, 0x00, 0x80,
	0x06, 0x02, 0x00, 0x00, 0xdd, 0x19, 0xbe, 0x34, 0x00, 0x80, 0x74, 0x19,
	0x41, 0x37, 0x00, 0x80, 0x06, 0x02, 0x00, 0x00, 0x00, 0x19, 0xf5, 0x33,
	0x00, 0x80, 0xc5, 0x18, 0x9b, 0x33, 0x00, 0x80, 0x06, 0x02, 0x00, 0x00,
	0x39, 0x18, 0x95, 0x33, 0x00, 0x80, 0x95, 0x18, 0x9c, 0x33, 0x00, 0x80,
	0x06, 0x02, 0x00, 0x00, 0x0e, 0x19, 0x57, 0x2c, 0x00, 0x80, 0x6c, 0x19,
	0x62, 0x2e, 0x00, 0x80, 0x03, 0x02, 0x00, 0x00, 0x71, 0x0b, 0x1d, 0x49,
	0x00, 0x80, 0x28, 0x0d, 0x4a, 0x48, 0x00, 0x80, 0x03, 0x02, 0x00, 0x00,
	0xd3, 0x14, 0xc0, 0x44, 0x00, 0x80, 0xf6, 0x14, 0x5a, 0x45, 0x00, 0x80,
	0x06, 0x02, 0x00, 0x00, 0xb7, 0x00, 0xce, 0x1c, 0x00, 0x80, 0x7e, 0x00,
	0x36, 0x1d, 0x00, 0x80, 0x03, 0x02, 0x00, 0x00, 0x3d, 0x15, 0xb5, 0x46,
	0x00, 0x80, 0x58, 0x15, 0x3c, 0x47, 0x00, 0x80, 0x03, 0x02, 0x00, 0x00,
	0x0c, 0x15, 0xc7, 0x45, 0x00, 0x80, 0x3d, 0x15, 0xb5, 0x46, 0x00, 0x80,
	0x04, 0x02, 0x00, 0x00, 0x70, 0x16, 0x9e, 0x46, 0x00, 0x80, 0xcf, 0x15,
	0xf6, 0x46, 0x00, 0x80, 0x05, 0x02, 0x00, 0x00, 0x2a, 0x1b, 0xe8, 0x0b,
	0x00, 0x80, 0x25, 0x1a, 0x55, 0x0b, 0x00, 0x80, 0x04, 0x02, 0x00, 0x00,
	0x74, 0x0e, 0xe8, 0x1a, 0x00, 0x80, 0xa6, 0x0e, 0x44, 0x1c, 0x00, 0x80,
	0x04, 0x02, 0x00, 0x00, 0x8c, 0x15, 0x0b, 0x2b, 0x00, 0x80, 0x05, 0x17,
	0x47, 0x2a, 0x00, 0x80, 0x04, 0x02, 0x00, 0x00, 0x5c, 0x15, 0x28, 0x2a,
	0x00, 0x80, 0x00, 0x16, 0x99, 0x2d, 0x00, 0x80, 0x04, 0x02, 0x00, 0x00,
	0xb1, 0x14, 0x83, 0x2a, 0x00, 0x80, 0x71, 0x15, 0xf9, 0x2d, 0x00, 0x80,
	0x04, 0x03, 0x00, 0x00, 0x51, 0x16, 0x8d, 0x2f, 0x00, 0x80, 0x84, 0x16,
	0xa0, 0x30, 0x00, 0x80, 0x33, 0x15, 0x9b, 0x31, 0x00, 0x80, 0x04, 0x02,
	0x00, 0x00, 0x16, 0x16, 0x56, 0x36, 0x00, 0x80, 0x23, 0x16, 0xb9, 0x36,
	0x00, 0x80, 0x04, 0x02, 0x00, 0x00, 0xa5, 0x12, 0x43, 0x2b, 0x00, 0x80,
	0x95, 0x12, 0xf7, 0x2a, 0x00, 0x80, 0x04, 0x02, 0x00, 0x00, 0x48, 0x15,
	0x55, 0x36, 0x00, 0x80, 0xf2, 0x13, 0x5f, 0x30, 0x00, 0x80, 0x04, 0x02,
	0x00, 0x00, 0x95, 0x14, 0x74, 0x30, 0x00, 0x80, 0x2f, 0x14, 0xba, 0x30,
	0x00, 0x80, 0x04, 0x02, 0x00, 0x00, 0xdc, 0x12, 0xea, 0x2b, 0x00, 0x80,
	0x6b, 0x12, 0x29, 0x2c, 0x00, 0x80, 0x04, 0x02, 0x00, 0x00, 0xf2, 0x13,
	0x5f, 0x30, 0x00, 0x80, 0x0d, 0x13, 0x91, 0x30, 0x00, 0x80, 0x06, 0x02,
	0x00, 0x00, 0xd3, 0x12, 0x04, 0x32, 0x00, 0x80, 0xba, 0x12, 0x12, 0x32,
	0x00, 0x80, 0x06, 0x02, 0x00, 0x00, 0x1d, 0x13, 0x1a, 0x33, 0x00, 0x80,
	0xd0, 0x12, 0x7d, 0x32, 0x00, 0x80, 0x06, 0x02, 0x00, 0x00, 0x9a, 0x12,
	0x76, 0x31, 0x00, 0x80, 0x62, 0x12, 0xfb, 0x30, 0x00, 0x80, 0x06, 0x02,
	0x00, 0x00, 0x9a, 0x12, 0x76, 0x31, 0x00, 0x80, 0x90, 0x13, 0x79, 0x37,
	0x00, 0x80, 0x06, 0x02, 0x00, 0x00, 0x83, 0x11, 0x36, 0x2b, 0x00, 0x80,
	0x6f, 0x11, 0x00, 0x2c, 0x00, 0x80, 0x06, 0x02, 0x00, 0x00, 0x01, 0x13,
	0xec, 0x31, 0x00, 0x80, 0xe3, 0x12, 0xfc, 0x31, 0x00, 0x80, 0x06, 0x02,
	0x00, 0x00, 0xf4, 0x15, 0xc3, 0x41, 0x00, 0x80, 0x08, 0x16, 0xb9, 0x41,
	0x00, 0x80, 0x04, 0x02, 0x00, 0x00, 0x06, 0x17, 0x03, 0x41, 0x00, 0x80,
	0xdf, 0x16, 0x1d, 0x40, 0x00, 0x80, 0x06, 0x03, 0x00, 0x00, 0xd3, 0x10,
	0x0a, 0x2a, 0x00, 0x80, 0xb6, 0x10, 0x1f, 0x25, 0x00, 0x80, 0x20, 0x0c,
	0xdb, 0x28, 0x00, 0x80, 0x03, 0x02, 0x00, 0x00, 0x62, 0x0f, 0x77, 0x47,
	0x00, 0x80, 0x23, 0x10, 0x14, 0x47, 0x00, 0x80, 0x06, 0x02, 0x00, 0x00,
	0xf4, 0x04, 0x35, 0x4d, 0x00, 0x80, 0x48, 0x01, 0xa7, 0x4e, 0x00, 0x80,
	0x06, 0x02, 0x00, 0x00, 0xf4, 0x04, 0x35, 0x4d, 0x00, 0x80, 0x41, 0x06,
	0x49, 0x53, 0x00, 0x80, 0x06, 0x02, 0x00, 0x00, 0xc1, 0x04, 0x28, 0x4d,
	0x00, 0x80, 0x68, 0x04, 0x23, 0x4b, 0x00, 0x80, 0x06, 0x02, 0x00, 0x00,
	0xaa, 0x05, 0xda, 0x4c, 0x00, 0x80, 0xf4, 0x04, 0x35, 0x4d, 0x00, 0x80,
	0x06, 0x03, 0x00, 0x00, 0xc0, 0x05, 0xd4, 0x4d, 0x00, 0x80, 0xc7, 0x05,
	0x9b, 0x4c, 0x00, 0x80, 0x48, 0x0c, 0x6d, 0x49, 0x00, 0x80, 0x06, 0x02,
	0x00, 0x00, 0x8d, 0x0a, 0x4a, 0x4a, 0x00, 0x80, 0x98, 0x0a, 0x8a, 0x4a,
	0x00, 0x80, 0x06, 0x02, 0x00, 0x00, 0x9e, 0x0a, 0xac, 0x4a, 0x00, 0x80,
	0xa3, 0x0a, 0xc5, 0x4a, 0x00, 0x80, 0x06, 0x02, 0x00, 0x00, 0x67, 0x0c,
	0x61, 0x49, 0x00, 0x80, 0x48, 0x0c, 0x6d, 0x49, 0x00, 0x80, 0x06, 0x02,
	0x00, 0x00, 0x67, 0x0c, 0x61, 0x49, 0x00, 0x80, 0x87, 0x0c, 0x51, 0x49,
	0x00, 0x80, 0x06, 0x02, 0x00, 0x00, 0x87, 0x0c, 0x51, 0x49, 0x00, 0x80,
	0x95, 0x0c, 0x22, 0x48, 0x00, 0x80, 0x06, 0x02, 0x00, 0x00, 0xc3, 0x0c,
	0x33, 0x49, 0x00, 0x80, 0x57, 0x0d, 0x0a, 0x49, 0x00, 0x80, 0x06, 0x02,
	0x00, 0x00, 0x33, 0x10, 0x48, 0x3b, 0x00, 0x80, 0xec, 0x0f, 0xb0, 0x38,
	0x00, 0x80, 0x06, 0x02, 0x00, 0x00, 0x46, 0x0f, 0x4b, 0x40, 0x00, 0x80,
	0x75, 0x0e, 0x3f, 0x3c, 0x00, 0x80, 0x06, 0x02, 0x00, 0x00, 0xf4, 0x00,
	0xb8, 0x4c, 0x00, 0x80, 0x68, 0x04, 0x23, 0x4b, 0x00, 0x80, 0x06, 0x04,
	0x00, 0x00, 0x95, 0x0c, 0x22, 0x48, 0x00, 0x80, 0x65, 0x0c, 0x03, 0x47,
	0x00, 0x80, 0x9a, 0x0b, 0x65, 0x47, 0x00, 0x80, 0xf2, 0x0b, 0x98, 0x49,
	0x00, 0x80, 0x06, 0x03, 0x00, 0x00, 0xc7, 0x05, 0x9b, 0x4c, 0x00, 0x80,
	0x6e, 0x05, 0xaa, 0x4a, 0x00, 0x80, 0x68, 0x04, 0x23, 0x4b, 0x00, 0x80,
	0x06, 0x02, 0x00, 0x00, 0x6e, 0x05, 0xaa, 0x4a, 0x00, 0x80, 0xfb, 0x0e,
	0x1c, 0x45, 0x00, 0x80, 0x06, 0x02, 0x00, 0x00, 0x9f, 0x0b, 0xed, 0x46,
	0x00, 0x80, 0xcf, 0x0b, 0xd5, 0x46, 0x00, 0x80, 0x06, 0x02, 0x00, 0x00,
	0xe0, 0x0c, 0x43, 0x46, 0x00, 0x80, 0xf0, 0x0c, 0xc8, 0x45, 0x00, 0x80,
	0x06, 0x02, 0x00, 0x00, 0x9a, 0x0b, 0x65, 0x47, 0x00, 0x80, 0x8c, 0x0b,
	0x1e, 0x47, 0x00, 0x80, 0x06, 0x02, 0x00, 0x00, 0x65, 0x0c, 0x03, 0x47,
	0x00, 0x80, 0x04, 0x0d, 0x33, 0x46, 0x00, 0x80, 0x06, 0x02, 0x00, 0x00,
	0x10, 0x00, 0x16, 0x4d, 0x00, 0x80, 0x92, 0x01, 0xfa, 0x4b, 0x00, 0x80,
	0x06, 0x02, 0x00, 0x00, 0xdf, 0x01, 0xda, 0x4b, 0x00, 0x80, 0x0f, 0x02,
	0x45, 0x4c, 0x00, 0x80, 0x03, 0x02, 0x00, 0x00, 0xf6, 0x08, 0x60, 0x4c,
	0x00, 0x80, 0x4c, 0x09, 0x3f, 0x4e, 0x00, 0x80, 0x06, 0x02, 0x00, 0x00,
	0xf1, 0x08, 0x18, 0x4b, 0x00, 0x80, 0x0e, 0x0a, 0x76, 0x51, 0x00, 0x80,
	0x06, 0x02, 0x00, 0x00, 0x1a, 0x0c, 0x84, 0x49, 0x00, 0x80, 0x40, 0x0d,
	0x0d, 0x50, 0x00, 0x80, 0x06, 0x02, 0x00, 0x00, 0x8d, 0x09, 0x4f, 0x4b,
	0x00, 0x80, 0x5d, 0x0a, 0xff, 0x4a, 0x00, 0x80, 0x06, 0x02, 0x00, 0x00,
	0x8d, 0x09, 0x4f, 0x4b, 0x00, 0x80, 0x77, 0x09, 0xd5, 0x4a, 0x00, 0x80,
	0x06, 0x02, 0x00, 0x00, 0xac, 0x0c, 0x65, 0x49, 0x00, 0x80, 0x8f, 0x0c,
	0x4c, 0x49, 0x00, 0x80, 0x06, 0x02, 0x00, 0x00, 0x21, 0x0c, 0xf1, 0x46,
	0x00, 0x80, 0x0b, 0x0c, 0x2f, 0x47, 0x00, 0x80, 0x06, 0x02, 0x00, 0x00,
	0xa3, 0x0a, 0xc5, 0x4a, 0x00, 0x80, 0xad, 0x0a, 0x07, 0x4b, 0x00, 0x80,
	0x06, 0x02, 0x00, 0x00, 0x5d, 0x0a, 0xff, 0x4a, 0x00, 0x80, 0xa9, 0x0a,
	0xeb, 0x4a, 0x00, 0x80, 0x06, 0x04, 0x00, 0x00, 0xa0, 0x00, 0x70, 0x2d,
	0x00, 0x80, 0x79, 0x03, 0x9a, 0x2c, 0x00, 0x80, 0x66, 0x04, 0x49, 0x2b,
	0x00, 0x80, 0x70, 0x05, 0x75, 0x2e, 0x00, 0x80, 0x06, 0x02, 0x00, 0x00,
	0x79, 0x03, 0x9a, 0x2c, 0x00, 0x80, 0xb1, 0x04, 0xd9, 0x31, 0x00, 0x80,
	0x06, 0x02, 0x00, 0x00, 0x51, 0x00, 0x30, 0x1d, 0x00, 0x80, 0x65, 0x03,
	0xcf, 0x2b, 0x00, 0x80, 0x06, 0x02, 0x00, 0x00, 0x8a, 0x07, 0x7e, 0x1b,
	0x00, 0x80, 0x49, 0x07, 0xb2, 0x1b, 0x00, 0x80, 0x03, 0x02, 0x00, 0x00,
	0x25, 0x0d, 0xfc, 0x17, 0x00, 0x80, 0xd2, 0x0d, 0xfe, 0x17, 0x00, 0x80,
	0x06, 0x03, 0x00, 0x00, 0x2e, 0x08, 0xf8, 0x06, 0x00, 0x80, 0x2b, 0x08,
	0x6a, 0x0a, 0x00, 0x80, 0x42, 0x05, 0x46, 0x0b, 0x00, 0x80, 0x06, 0x02,
	0x00, 0x00, 0x3d, 0x18, 0x84, 0x3b, 0x00, 0x80, 0x8e, 0x18, 0x99, 0x3b,
	0x00, 0x80, 0x04, 0x02, 0x00, 0x00, 0xca, 0x17, 0x13, 0x2c, 0x00, 0x80,
	0xd9, 0x16, 0x69, 0x29, 0x00, 0x80, 0x03, 0x02, 0x00, 0x00, 0x39, 0x17,
	0x70, 0x20, 0x00, 0x80, 0x1e, 0x17, 0xe2, 0x1f, 0x00, 0x80, 0x03, 0x02,
	0x00, 0x00, 0x36, 0x10, 0x78, 0x39, 0x00, 0x80, 0xb6, 0x11, 0xa8, 0x38,
	0x00, 0x80, 0x03, 0x02, 0x00, 0x00, 0xfa, 0x14, 0x54, 0x37, 0x00, 0x80,
	0xdf, 0x16, 0x1d, 0x40, 0x00, 0x80, 0x06, 0x02, 0x00, 0x00, 0x6b, 0x05,
	0x08, 0x00, 0x00, 0x80, 0x6d, 0x07, 0x69, 0x02, 0x00, 0x80, 0x06, 0x02,
	0x00, 0x00, 0x4b, 0x11, 0xf7, 0x27, 0x00, 0x80, 0x6c, 0x11, 0x0b, 0x28,
	0x00, 0x80, 0x06, 0x02, 0x00, 0x00, 0x99, 0x11, 0xac, 0x27, 0x00, 0x80,
	0xe1, 0x10, 0x09, 0x28, 0x00, 0x80, 0x06, 0x02, 0x00, 0x00, 0xc2, 0x11,
	0x82, 0x27, 0x00, 0x80, 0xd8, 0x11, 0xec, 0x27, 0x00, 0x80, 0x06, 0x02,
	0x00, 0x00, 0xb3, 0x11, 0x9f, 0x27, 0x00, 0x80, 0xc6, 0x11, 0x95, 0x27,
	0x00, 0x80, 0x06, 0x02, 0x00, 0x00, 0xb9, 0x11, 0xbc, 0x27, 0x00, 0x80,
	0xcc, 0x11, 0xb3, 0x27, 0x00, 0x80, 0x06, 0x02, 0x00, 0x00, 0xb3, 0x11,
	0xe5, 0x27, 0x00, 0x80, 0xd3, 0x11, 0xd4, 0x27, 0x00, 0x80, 0x06, 0x02,
	0x00, 0x00, 0xac, 0x06, 0xb3, 0x24, 0x00, 0x80, 0x37, 0x08, 0x0e, 0x25,
	0x00, 0x80, 0x06, 0x03, 0x00, 0x00, 0xcf, 0x07, 0x17, 0x25, 0x00, 0x80,
	0x10, 0x07, 0x36, 0x26, 0x00, 0x80, 0x8e, 0x05, 0x39, 0x23, 0x00, 0x80,
	0x02, 0x02, 0x00, 0x00, 0xad, 0x1a, 0x4a, 0x40, 0x00, 0x80, 0x3c, 0x1b,
	0x36, 0x3f, 0x00, 0x80, 0x03, 0x02, 0x00, 0x00, 0x7e, 0x19, 0xa4, 0x08,
	0x00, 0x80, 0x1c, 0x19, 0x2e, 0x06, 0x00, 0x80, 0x03, 0x02, 0x00, 0x00,
	0xc7, 0x19, 0x9d, 0x0a, 0x00, 0x80, 0x7e, 0x19, 0xa4, 0x08, 0x00, 0x80,
	0x05, 0x02, 0x00, 0x00, 0x2a, 0x11, 0x10, 0x49, 0x00, 0x80, 0xf2, 0x11,
	0xde, 0x4c, 0x00, 0x80, 0x05, 0x03, 0x00, 0x00, 0x61, 0x0f, 0x4e, 0x45,
	0x00, 0x80, 0xe6, 0x0f, 0xd3, 0x47, 0x00, 0x80, 0x14, 0x11, 0xa0, 0x48,
	0x00, 0x80, 0x05, 0x02, 0x00, 0x00, 0x14, 0x11, 0xa0, 0x48, 0x00, 0x80,
	0x2a, 0x11, 0x10, 0x49, 0x00, 0x80, 0x05, 0x02, 0x00, 0x00, 0x14, 0x11,
	0xa0, 0x48, 0x00, 0x80, 0xcc, 0x12, 0xe1, 0x47, 0x00, 0x80, 0x02, 0x02,
	0x00, 0x00, 0xb1, 0x11, 0xba, 0x49, 0x00, 0x80, 0x81, 0x12, 0x86, 0x4d,
	0x00, 0x80, 0x05, 0x02, 0x00, 0x00, 0x79, 0x0f, 0xd9, 0x45, 0x00, 0x80,
	0x13, 0x0f, 0x10, 0x46, 0x00, 0x80, 0x05, 0x02, 0x00, 0x00, 0xcb, 0x12,
	0x32, 0x48, 0x00, 0x80, 0xcc, 0x12, 0xe1, 0x47, 0x00, 0x80, 0x06, 0x02,
	0x00, 0x00, 0x96, 0x0d, 0xee, 0x48, 0x00, 0x80, 0x7c, 0x0f, 0xfd, 0x47,
	0x00, 0x80, 0x02, 0x02, 0x00, 0x00, 0x51, 0x11, 0xf7, 0x47, 0x00, 0x80,
	0xa5, 0x12, 0x4f, 0x47, 0x00, 0x80, 0x02, 0x02, 0x00, 0x00, 0x97, 0x10,
	0xdd, 0x47, 0x00, 0x80, 0x51, 0x11, 0xf7, 0x47, 0x00, 0x80, 0x05, 0x02,
	0x00, 0x00, 0xfb, 0x11, 0x16, 0x4d, 0x00, 0x80, 0x3b, 0x11, 0x53, 0x4e,
	0x00, 0x80, 0x03, 0x02, 0x00, 0x00, 0xd5, 0x0f, 0xa3, 0x46, 0x00, 0x80,
	0x9f, 0x0e, 0x86, 0x47, 0x00, 0x80, 0x04, 0x02, 0x00, 0x00, 0x21, 0x13,
	0x2c, 0x14, 0x00, 0x80, 0xbb, 0x11, 0x50, 0x0b, 0x00, 0x80, 0x04, 0x03,
	0x00, 0x00, 0x63, 0x14, 0xeb, 0x14, 0x00, 0x80, 0x3a, 0x11, 0x87, 0x0a,
	0x00, 0x80, 0x08, 0x11, 0x22, 0x00, 0x00, 0x80, 0x04, 0x02, 0x00, 0x00,
	0x84, 0x13, 0x3d, 0x2c, 0x00, 0x80, 0x16, 0x16, 0x56, 0x36, 0x00, 0x80,
	0x03, 0x02, 0x00, 0x00, 0x74, 0x18, 0x76, 0x06, 0x00, 0x80, 0xd8, 0x18,
	0x97, 0x08, 0x00, 0x80, 0x03, 0x02, 0x00, 0x00, 0xa2, 0x19, 0xd9, 0x0c,
	0x00, 0x80, 0x17, 0x1a, 0x7b, 0x0e, 0x00, 0x80, 0x03, 0x02, 0x00, 0x00,
	0x75, 0x19, 0x26, 0x0c, 0x00, 0x80, 0xa2, 0x19, 0xd9, 0x0c, 0x00, 0x80,
	0x03, 0x02, 0x00, 0x00, 0x30, 0x1a, 0x38, 0x0e, 0x00, 0x80, 0x06, 0x1a,
	0x9a, 0x0c, 0x00, 0x80, 0x01, 0x02, 0x00, 0x00, 0x58, 0x13, 0x54, 0x08,
	0x00, 0x80, 0x09, 0x15, 0xe0, 0x07, 0x00, 0x80, 0x05, 0x02, 0x00, 0x00,
	0x72, 0x0e, 0x6c, 0x32, 0x00, 0x80, 0xc1, 0x0c, 0x51, 0x33, 0x00, 0x80,
	0x06, 0x02, 0x00, 0x00, 0xbc, 0x02, 0xa0, 0x2e, 0x00, 0x80, 0xf7, 0x03,
	0x66, 0x2e, 0x00, 0x80, 0x06, 0x02, 0x00, 0x00, 0xba, 0x02, 0x38, 0x2e,
	0x00, 0x80, 0xb1, 0x03, 0x67, 0x2d, 0x00, 0x80, 0x06, 0x02, 0x00, 0x00,
	0xf9, 0x02, 0xa7, 0x2e, 0x00, 0x80, 0xec, 0x02, 0x1b, 0x2e, 0x00, 0x80,
	0x06, 0x02, 0x00, 0x00, 0x99, 0x06, 0xac, 0x33, 0x00, 0x80, 0xd0, 0x05,
	0x20, 0x34, 0x00, 0x80, 0x02, 0x02, 0x00, 0x00, 0x51, 0x11, 0xf7, 0x47,
	0x00, 0x80, 0xb1, 0x11, 0xba, 0x49, 0x00, 0x80, 0x02, 0x02, 0x00, 0x00,
	0x52, 0x0f, 0x3b, 0x43, 0x00, 0x80, 0x97, 0x10, 0xdd, 0x47, 0x00, 0x80,
	0x05, 0x03, 0x00, 0x00, 0x77, 0x0f, 0x98, 0x40, 0x00, 0x80, 0xcf, 0x0e,
	0x87, 0x42, 0x00, 0x80, 0x61, 0x0f, 0x4e, 0x45, 0x00, 0x80, 0x05, 0x02,
	0x00, 0x00, 0x92, 0x0e, 0x30, 0x3c, 0x00, 0x80, 0x64, 0x0f, 0x3b, 0x40,
	0x00, 0x80, 0x05, 0x02, 0x00, 0x00, 0x83, 0x0b, 0x43, 0x2c, 0x00, 0x80,
	0x92, 0x0e, 0x30, 0x3c, 0x00, 0x80, 0x02, 0x02, 0x00, 0x00, 0xdb, 0x0f,
	0xe2, 0x40, 0x00, 0x80, 0x3d, 0x0f, 0xf9, 0x41, 0x00, 0x80, 0x03, 0x02,
	0x00, 0x00, 0x3d, 0x0e, 0xce, 0x40, 0x00, 0x80, 0xb1, 0x0b, 0x78, 0x34,
	0x00, 0x80, 0x06, 0x02, 0x00, 0x00, 0x1f, 0x11, 0x1e, 0x3f, 0x00, 0x80,
	0x1c, 0x10, 0x55, 0x3b, 0x00, 0x80, 0x02, 0x02, 0x00, 0x00, 0x9d, 0x0f,
	0xa4, 0x3f, 0x00, 0x80, 0xdb, 0x0f, 0xe2, 0x40, 0x00, 0x80, 0x03, 0x02,
	0x00, 0x00, 0x8d, 0x0f, 0x35, 0x45, 0x00, 0x80, 0xd5, 0x0f, 0xa3, 0x46,
	0x00, 0x80, 0x03, 0x02, 0x00, 0x00, 0x61, 0x0f, 0x4e, 0x45, 0x00, 0x80,
	0xf9, 0x0e, 0x98, 0x45, 0x00, 0x80, 0x03, 0x02, 0x00, 0x00, 0x8d, 0x0f,
	0x35, 0x45, 0x00, 0x80, 0x61, 0x0f, 0x4e, 0x45, 0x00, 0x80, 0x05, 0x02,
	0x00, 0x00, 0xfe, 0x0c, 0x8c, 0x34, 0x00, 0x80, 0x96, 0x0d, 0x38, 0x34,
	0x00, 0x80, 0x03, 0x02, 0x00, 0x00, 0x24, 0x0e, 0x47, 0x33, 0x00, 0x80,
	0x94, 0x0e, 0x11, 0x33, 0x00, 0x80, 0x03, 0x02, 0x00, 0x00, 0xdc, 0x0c,
	0xe5, 0x33, 0x00, 0x80, 0x56, 0x0d, 0xaa, 0x33, 0x00, 0x80, 0x03, 0x02,
	0x00, 0x00, 0xb1, 0x0b, 0x78, 0x34, 0x00, 0x80, 0xdc, 0x0c, 0xe5, 0x33,
	0x00, 0x80, 0x05, 0x02, 0x00, 0x00, 0x64, 0x0f, 0x3b, 0x40, 0x00, 0x80,
	0x77, 0x0f, 0x98, 0x40, 0x00, 0x80, 0x03, 0x02, 0x00, 0x00, 0xe4, 0x11,
	0x45, 0x31, 0x00, 0x80, 0x7f, 0x12, 0xd4, 0x30, 0x00, 0x80, 0x03, 0x02,
	0x00, 0x00, 0xe4, 0x11, 0x45, 0x31, 0x00, 0x80, 0xcf, 0x10, 0x0b, 0x2c,
	0x00, 0x80, 0x03, 0x03, 0x00, 0x00, 0x7f, 0x12, 0xd4, 0x30, 0x00, 0x80,
	0x86, 0x11, 0xe0, 0x2b, 0x00, 0x80, 0xcf, 0x10, 0x0b, 0x2c, 0x00, 0x80,
	0x06, 0x02, 0x00, 0x00, 0x62, 0x12, 0xfb, 0x30, 0x00, 0x80, 0x52, 0x12,
	0xd0, 0x30, 0x00, 0x80, 0x06, 0x02, 0x00, 0x00, 0x42, 0x16, 0x3c, 0x4a,
	0x00, 0x80, 0xe4, 0x15, 0x33, 0x4a, 0x00, 0x80, 0x06, 0x02, 0x00, 0x00,
	0x24, 0x18, 0xbe, 0x4a, 0x00, 0x80, 0x16, 0x18, 0xbf, 0x4a, 0x00, 0x80,
	0x06, 0x02, 0x00, 0x00, 0x74, 0x0e, 0x2d, 0x24, 0x00, 0x80, 0x03, 0x0e,
	0x48, 0x27, 0x00, 0x80, 0x06, 0x02, 0x00, 0x00, 0x70, 0x05, 0x75, 0x2e,
	0x00, 0x80, 0x16, 0x07, 0xe9, 0x36, 0x00, 0x80, 0x06, 0x02, 0x00, 0x00,
	0x14, 0x04, 0xe8, 0x2e, 0x00, 0x80, 0x18, 0x05, 0xa4, 0x2e, 0x00, 0x80,
	0x06, 0x02, 0x00, 0x00, 0xd0, 0x01, 0xfd, 0x35, 0x00, 0x80, 0x96, 0x00,
	0xdd, 0x36, 0x00, 0x80, 0x06, 0x02, 0x00, 0x00, 0x0d, 0x0e, 0x3b, 0x29,
	0x00, 0x80, 0x77, 0x0d, 0x89, 0x29, 0x00, 0x80, 0x05, 0x02, 0x00, 0x00,
	0xcc, 0x12, 0xe1, 0x47, 0x00, 0x80, 0x48, 0x13, 0x20, 0x46, 0x00, 0x80,
	0x04, 0x02, 0x00, 0x00, 0xcd, 0x17, 0xaa, 0x25, 0x00, 0x80, 0x6f, 0x17,
	0xb9, 0x24, 0x00, 0x80, 0x06, 0x02, 0x00, 0x00, 0x6f, 0x17, 0xb9, 0x24,
	0x00, 0x80, 0xed, 0x16, 0x38, 0x22, 0x00, 0x80, 0x06, 0x02, 0x00, 0x00,
	0x19, 0x19, 0xfe, 0x2e, 0x00, 0x80, 0x47, 0x19, 0x6c, 0x30, 0x00, 0x80,
	0x03, 0x02, 0x00, 0x00, 0x52, 0x0f, 0x3b, 0x43, 0x00, 0x80, 0x8d, 0x0f,
	0x35, 0x45, 0x00, 0x80, 0x02, 0x02, 0x00, 0x00, 0x3d, 0x0f, 0xf9, 0x41,
	0x00, 0x80, 0x52, 0x0f, 0x3b, 0x43, 0x00, 0x80, 0x03, 0x02, 0x00, 0x00,
	0xed, 0x0f, 0xc4, 0x39, 0x00, 0x80, 0x36, 0x10, 0x78, 0x39, 0x00, 0x80,
	0x05, 0x02, 0x00, 0x00, 0x48, 0x13, 0x20, 0x46, 0x00, 0x80, 0x6f, 0x13,
	0xab, 0x45, 0x00, 0x80, 0x02, 0x02, 0x00, 0x00, 0x28, 0x17, 0x8e, 0x41,
	0x00, 0x80, 0x05, 0x14, 0x2c, 0x43, 0x00, 0x80, 0x03, 0x02, 0x00, 0x00,
	0x57, 0x09, 0xd8, 0x17, 0x00, 0x80, 0x9a, 0x09, 0xd4, 0x17, 0x00, 0x80,
};

static const uint8_t rotterdam_tile_tile_2596_224[] = {
	0x53, 0x56, 0x31, 0x31, 0x4d, 0x41, 0x50, 0x32, 0x80, 0x3c, 0x18, 0x03,
	0x00, 0x5c, 0x44, 0x00, 0x09, 0x02, 0x00, 0x00, 0x02, 0x02, 0x00, 0x00,
	0x00, 0x16, 0x53, 0x09, 0x00, 0x80, 0xe7, 0x15, 0x7d, 0x07, 0x00, 0x80,
	0x05, 0x02, 0x00, 0x00, 0xfe, 0x16, 0x41, 0x09, 0x00, 0x80, 0xcb, 0x12,
	0x12, 0xfa, 0x00, 0x80, 0x04, 0x02, 0x00, 0x00, 0xdd, 0x19, 0x10, 0x25,
	0x00, 0x80, 0x5d, 0x1a, 0xbc, 0x24, 0x00, 0x80, 0x03, 0x02, 0x00, 0x00,
	0x44, 0x1a, 0x80, 0x21, 0x00, 0x80, 0x5b, 0x1a, 0x04, 0x22, 0x00, 0x80,
	0x05, 0x02, 0x00, 0x00, 0x44, 0x1a, 0x80, 0x21, 0x00, 0x80, 0x42, 0x18,
	0x02, 0x22, 0x00, 0x80, 0x04, 0x02, 0x00, 0x00, 0xf2, 0x19, 0xe8, 0x1f,
	0x00, 0x80, 0x44, 0x1a, 0x80, 0x21, 0x00, 0x80, 0x03, 0x03, 0x00, 0x00,
	0xe1, 0x17, 0x73, 0x08, 0x00, 0x80, 0xff, 0x16, 0x0d, 0x07, 0x00, 0x80,
	0x2d, 0x19, 0x9c, 0xfe, 0x00, 0x80, 0x05, 0x02, 0x00, 0x00, 0x26, 0x16,
	0xa0, 0x0a, 0x00, 0x80, 0xd6, 0x19, 0xf2, 0x12, 0x00, 0x80, 0x06, 0x03,
	0x00, 0x00, 0x46, 0x14, 0xb1, 0x13, 0x00, 0x80, 0xe0, 0x17, 0x1c, 0x14,
	0x00, 0x80, 0xae, 0x19, 0x90, 0x12, 0x00, 0x80, 0x03, 0x02, 0x00, 0x00,
	0x8e, 0x18, 0x26, 0x1a, 0x00, 0x80, 0xd0, 0x18, 0x1f, 0x16, 0x00, 0x80,
	0x03, 0x02, 0x00, 0x00, 0xd0, 0x18, 0x1f, 0x16, 0x00, 0x80, 0x0a, 0x1b,
	0x36, 0x14, 0x00, 0x80, 0x05, 0x02, 0x00, 0x00, 0xd6, 0x19, 0xf2, 0x12,
	0x00, 0x80, 0x1d, 0x1a, 0xa1, 0x13, 0x00, 0x80, 0x04, 0x04, 0x00, 0x00,
	0x67, 0x1a, 0x2d, 0x18, 0x00, 0x80, 0x85, 0x19, 0x40, 0x18, 0x00, 0x80,
	0x29, 0x1a, 0x31, 0x17, 0x00, 0x80, 0xa6, 0x1a, 0x1b, 0x19, 0x00, 0x80,
	0x06, 0x02, 0x00, 0x00, 0xe2, 0x02, 0x79, 0x0c, 0x00, 0x80, 0x3e, 0x03,
	0x20, 0x0e, 0x00, 0x80, 0x04, 0x02, 0x00, 0x00, 0x5d, 0x1a, 0xbc, 0x24,
	0x00, 0x80, 0x00, 0x1b, 0xd3, 0x24, 0x00, 0x80, 0x03, 0x02, 0x00, 0x00,
	0x40, 0x1b, 0xfc, 0x19, 0x00, 0x80, 0x12, 0x1b, 0x13, 0x1a, 0x00, 0x80,
	0x03, 0x02, 0x00, 0x00, 0x76, 0x18, 0xc1, 0x1b, 0x00, 0x80, 0xae, 0x18,
	0xb1, 0x1b, 0x00, 0x80, 0x03, 0x02, 0x00, 0x00, 0x88, 0x17, 0xed, 0x24,
	0x00, 0x80, 0xbe, 0x12, 0x68, 0x24, 0x00, 0x80, 0x03, 0x02, 0x00, 0x00,
	0x6a, 0x12, 0xd0, 0x06, 0x00, 0x80, 0x43, 0x13, 0x5e, 0x05, 0x00, 0x80,
	0x03, 0x02, 0x00, 0x00, 0x43, 0x13, 0x5e, 0x05, 0x00, 0x80, 0xfa, 0x10,
	0x60, 0x00, 0x00, 0x80, 0x03, 0x02, 0x00, 0x00, 0xbe, 0x12, 0x68, 0x24,
	0x00, 0x80, 0xdc, 0x12, 0x0d, 0x23, 0x00, 0x80, 0x03, 0x03, 0x00, 0x00,
	0x78, 0x0e, 0x83, 0x10, 0x00, 0x80, 0x53, 0x10, 0xcd, 0x13, 0x00, 0x80,
	0x84, 0x12, 0x10, 0x15, 0x00, 0x80, 0x05, 0x02, 0x00, 0x00, 0xf4, 0x11,
	0x83, 0x18, 0x00, 0x80, 0xa5, 0x10, 0x3b, 0x1e, 0x00, 0x80, 0x05, 0x02,
	0x00, 0x00, 0x90, 0x11, 0x4d, 0x11, 0x00, 0x80, 0xfe, 0x12, 0x3c, 0x12,
	0x00, 0x80, 0x03, 0x02, 0x00, 0x00, 0xbd, 0x0e, 0xb5, 0x0c, 0x00, 0x80,
	0x6a, 0x12, 0xd0, 0x06, 0x00, 0x80, 0x04, 0x04, 0x00, 0x00, 0xc9, 0x14,
	0x0f, 0x16, 0x00, 0x80, 0xab, 0x14, 0x7c, 0x17, 0x00, 0x80, 0x77, 0x17,
	0xfa, 0x17, 0x00, 0x80, 0x89, 0x17, 0xe4, 0x16, 0x00, 0x80, 0x06, 0x02,
	0x00, 0x00, 0xbc, 0x16, 0x21, 0x0f, 0x00, 0x80, 0x2b, 0x17, 0x54, 0x12,
	0x00, 0x80, 0x03, 0x02, 0x00, 0x00, 0xd2, 0x14, 0x6c, 0x15, 0x00, 0x80,
	0x9d, 0x17, 0xf0, 0x15, 0x00, 0x80, 0x03, 0x02, 0x00, 0x00, 0x9d, 0x17,
	0xf0, 0x15, 0x00, 0x80, 0xd0, 0x18, 0x1f, 0x16, 0x00, 0x80, 0x03, 0x02,
	0x00, 0x00, 0xd4, 0x17, 0x13, 0x1f, 0x00, 0x80, 0x3a, 0x18, 0x9a, 0x1e,
	0x00, 0x80, 0x03, 0x02, 0x00, 0x00, 0x76, 0x18, 0xc1, 0x1b, 0x00, 0x80,
	0x3a, 0x18, 0x9a, 0x1e, 0x00, 0x80, 0x05, 0x02, 0x00, 0x00, 0xff, 0x17,
	0xe8, 0x21, 0x00, 0x80, 0x03, 0x18, 0xab, 0x21, 0x00, 0x80, 0x03, 0x02,
	0x00, 0x00, 0x8e, 0x18, 0x26, 0x1a, 0x00, 0x80, 0x76, 0x18, 0xc1, 0x1b,
	0x00, 0x80, 0x03, 0x02, 0x00, 0x00, 0x5b, 0x15, 0x3e, 0x1b, 0x00, 0x80,
	0xf0, 0x17, 0xc1, 0x1b, 0x00, 0x80, 0x03, 0x02, 0x00, 0x00, 0x5b, 0x1a,
	0x04, 0x22, 0x00, 0x80, 0x14, 0x18, 0x9b, 0x22, 0x00, 0x80, 0x05, 0x02,
	0x00, 0x00, 0x45, 0x17, 0xd5, 0x21, 0x00, 0x80, 0xf0, 0x11, 0x1f, 0x21,
	0x00, 0x80, 0x03, 0x02, 0x00, 0x00, 0x21, 0x0f, 0x3d, 0x0d, 0x00, 0x80,
	0x6a, 0x12, 0xd0, 0x06, 0x00, 0x80, 0x06, 0x02, 0x00, 0x00, 0x49, 0x15,
	0x30, 0x0e, 0x00, 0x80, 0x2c, 0x17, 0x0d, 0x0f, 0x00, 0x80, 0x05, 0x02,
	0x00, 0x00, 0x26, 0x16, 0xa0, 0x0a, 0x00, 0x80, 0xfe, 0x16, 0x41, 0x09,
	0x00, 0x80, 0x05, 0x02, 0x00, 0x00, 0x49, 0x15, 0x30, 0x0e, 0x00, 0x80,
	0x26, 0x16, 0xa0, 0x0a, 0x00, 0x80, 0x03, 0x02, 0x00, 0x00, 0x76, 0x15,
	0x84, 0x19, 0x00, 0x80, 0x32, 0x15, 0x83, 0x1e, 0x00, 0x80, 0x04, 0x02,
	0x00, 0x00, 0x03, 0x13, 0xfb, 0x21, 0x00, 0x80, 0x13, 0x13, 0x56, 0x21,
	0x00, 0x80, 0x04, 0x02, 0x00, 0x00, 0xd2, 0x14, 0x6c, 0x15, 0x00, 0x80,
	0xcf, 0x14, 0xb9, 0x15, 0x00, 0x80, 0x03, 0x02, 0x00, 0x00, 0x05, 0x14,
	0x3f, 0x15, 0x00, 0x80, 0xd2, 0x14, 0x6c, 0x15, 0x00, 0x80, 0x05, 0x02,
	0x00, 0x00, 0x05, 0x14, 0x3f, 0x15, 0x00, 0x80, 0x1c, 0x14, 0xb2, 0x14,
	0x00, 0x80, 0x03, 0x02, 0x00, 0x00, 0xb9, 0x13, 0x21, 0x15, 0x00, 0x80,
	0x05, 0x14, 0x3f, 0x15, 0x00, 0x80, 0x05, 0x02, 0x00, 0x00, 0xf0, 0x11,
	0x1f, 0x21, 0x00, 0x80, 0x71, 0x13, 0x0e, 0x19, 0x00, 0x80, 0x03, 0x02,
	0x00, 0x00, 0x32, 0x15, 0x83, 0x1e, 0x00, 0x80, 0xd4, 0x17, 0x13, 0x1f,
	0x00, 0x80, 0x03, 0x02, 0x00, 0x00, 0x86, 0x0d, 0xdd, 0x0e, 0x00, 0x80,
	0x23, 0x0b, 0x06, 0x12, 0x00, 0x80, 0x03, 0x02, 0x00, 0x00, 0xe6, 0x09,
	0x55, 0x03, 0x00, 0x80, 0xc5, 0x0c, 0x2c, 0x02, 0x00, 0x80, 0x05, 0x02,
	0x00, 0x00, 0x11, 0x0c, 0xbc, 0x25, 0x00, 0x80, 0x7f, 0x10, 0x63, 0x23,
	0x00, 0x80, 0x03, 0x02, 0x00, 0x00, 0xeb, 0x06, 0x1d, 0x26, 0x00, 0x80,
	0x24, 0x07, 0x07, 0x27, 0x00, 0x80, 0x03, 0x02, 0x00, 0x00, 0x99, 0x05,
	0x19, 0x21, 0x00, 0x80, 0xeb, 0x06, 0x1d, 0x26, 0x00, 0x80, 0x03, 0x02,
	0x00, 0x00, 0x7c, 0x05, 0x11, 0x0b, 0x00, 0x80, 0x03, 0x08, 0xe8, 0x08,
	0x00, 0x80, 0x06, 0x02, 0x00, 0x00, 0x9f, 0x06, 0x16, 0x0a, 0x00, 0x80,
	0xe7, 0x06, 0x2f, 0x0b, 0x00, 0x80, 0x06, 0x02, 0x00, 0x00, 0x0a, 0x06,
	0xb7, 0x0d, 0x00, 0x80, 0xbe, 0x05, 0x73, 0x0c, 0x00, 0x80, 0x03, 0x02,
	0x00, 0x00, 0x56, 0x04, 0x49, 0x06, 0x00, 0x80, 0x90, 0x06, 0xfa, 0x04,
	0x00, 0x80, 0x03, 0x02, 0x00, 0x00, 0x56, 0x04, 0x49, 0x06, 0x00, 0x80,
	0x7c, 0x05, 0x11, 0x0b, 0x00, 0x80, 0x03, 0x02, 0x00, 0x00, 0xab, 0x10,
	0xce, 0x17, 0x00, 0x80, 0x7e, 0x10, 0x83, 0x18, 0x00, 0x80, 0x03, 0x04,
	0x00, 0x00, 0xb2, 0x10, 0x10, 0x04, 0x00, 0x80, 0x15, 0x11, 0x40, 0x03,
	0x00, 0x80, 0x5d, 0x11, 0x1f, 0x04, 0x00, 0x80, 0xb2, 0x10, 0x10, 0x04,
	0x00, 0x80, 0x03, 0x02, 0x00, 0x00, 0xdd, 0x0b, 0xb9, 0x05, 0x00, 0x80,
	0x6b, 0x10, 0xdf, 0x00, 0x00, 0x80, 0x04, 0x02, 0x00, 0x00, 0xc4, 0x17,
	0x6e, 0x20, 0x00, 0x80, 0xd4, 0x17, 0x13, 0x1f, 0x00, 0x80, 0x03, 0x02,
	0x00, 0x00, 0x78, 0x0e, 0x83, 0x10, 0x00, 0x80, 0xa7, 0x0e, 0x1b, 0x10,
	0x00, 0x80, 0x03, 0x02, 0x00, 0x00, 0x6d, 0x0e, 0xd3, 0x1c, 0x00, 0x80,
	0x5d, 0x0f, 0x62, 0x1d, 0x00, 0x80, 0x03, 0x02, 0x00, 0x00, 0x5d, 0x0f,
	0x62, 0x1d, 0x00, 0x80, 0x44, 0x0f, 0xcc, 0x1d, 0x00, 0x80, 0x03, 0x02,
	0x00, 0x00, 0x99, 0x05, 0x19, 0x21, 0x00, 0x80, 0xdb, 0x09, 0xdf, 0x1c,
	0x00, 0x80, 0x03, 0x03, 0x00, 0x00, 0xbd, 0x0e, 0xb5, 0x0c, 0x00, 0x80,
	0x84, 0x11, 0x53, 0x11, 0x00, 0x80, 0xab, 0x12, 0x1b, 0x0c, 0x00, 0x80,
	0x03, 0x02, 0x00, 0x00, 0x00, 0x0d, 0xb0, 0x09, 0x00, 0x80, 0xbd, 0x0e,
	0xb5, 0x0c, 0x00, 0x80, 0x03, 0x02, 0x00, 0x00, 0xdb, 0x0c, 0xed, 0x12,
	0x00, 0x80, 0x78, 0x0e, 0x83, 0x10, 0x00, 0x80, 0x03, 0x02, 0x00, 0x00,
	0x76, 0x0c, 0x13, 0x25, 0x00, 0x80, 0x88, 0x0c, 0x7b, 0x25, 0x00, 0x80,
	0x06, 0x02, 0x00, 0x00, 0xeb, 0x04, 0x5a, 0x1e, 0x00, 0x80, 0x9a, 0x0a,
	0x9b, 0x16, 0x00, 0x80, 0x03, 0x02, 0x00, 0x00, 0x76, 0x08, 0x1a, 0x0a,
	0x00, 0x80, 0x9c, 0x08, 0x7e, 0x0a, 0x00, 0x80, 0x05, 0x02, 0x00, 0x00,
	0xff, 0x16, 0x0d, 0x07, 0x00, 0x80, 0xfe, 0x16, 0x41, 0x09, 0x00, 0x80,
	0x03, 0x02, 0x00, 0x00, 0x93, 0x03, 0xe1, 0x26, 0x00, 0x80, 0xf3, 0x04,
	0x85, 0x26, 0x00, 0x80, 0x05, 0x02, 0x00, 0x00, 0x76, 0x10, 0xf8, 0x20,
	0x00, 0x80, 0x8d, 0x06, 0x5d, 0x26, 0x00, 0x80, 0x05, 0x02, 0x00, 0x00,
	0x5d, 0x0f, 0x62, 0x1d, 0x00, 0x80, 0xa5, 0x10, 0x3b, 0x1e, 0x00, 0x80,
	0x03, 0x02, 0x00, 0x00, 0x00, 0x0d, 0xb0, 0x09, 0x00, 0x80, 0xb2, 0x10,
	0x10, 0x04, 0x00, 0x80, 0x03, 0x03, 0x00, 0x00, 0xf4, 0x11, 0x83, 0x18,
	0x00, 0x80, 0xc8, 0x0e, 0x47, 0x16, 0x00, 0x80, 0x9c, 0x08, 0x7e, 0x0a,
	0x00, 0x80, 0x03, 0x02, 0x00, 0x00, 0x07, 0x08, 0x0f, 0x26, 0x00, 0x80,
	0xdc, 0x07, 0x50, 0x25, 0x00, 0x80, 0x04, 0x02, 0x00, 0x00, 0x6e, 0x02,
	0x95, 0x25, 0x00, 0x80, 0x93, 0x03, 0xe1, 0x26, 0x00, 0x80, 0x03, 0x02,
	0x00, 0x00, 0xfb, 0x00, 0x53, 0x16, 0x00, 0x80, 0x1a, 0x02, 0x97, 0x15,
	0x00, 0x80, 0x03, 0x02, 0x00, 0x00, 0x55, 0x01, 0x86, 0x11, 0x00, 0x80,
	0x1a, 0x02, 0x97, 0x15, 0x00, 0x80, 0x03, 0x02, 0x00, 0x00, 0x23, 0x0b,
	0x06, 0x12, 0x00, 0x80, 0x5b, 0x09, 0x98, 0x0e, 0x00, 0x80, 0x03, 0x02,
	0x00, 0x00, 0x3a, 0x00, 0xe9, 0x0d, 0x00, 0x80, 0xba, 0x00, 0x07, 0x0f,
	0x00, 0x80, 0x03, 0x02, 0x00, 0x00, 0x0a, 0x00, 0x5a, 0x11, 0x00, 0x80,
	0xfb, 0x00, 0x53, 0x16, 0x00, 0x80, 0x03, 0x02, 0x00, 0x00, 0xfb, 0x00,
	0x53, 0x16, 0x00, 0x80, 0x18, 0x00, 0xbc, 0x16, 0x00, 0x80, 0x03, 0x02,
	0x00, 0x00, 0x42, 0x0b, 0x19, 0x1b, 0x00, 0x80, 0xa1, 0x0c, 0xd9, 0x1d,
	0x00, 0x80, 0x03, 0x02, 0x00, 0x00, 0xad, 0x0b, 0x34, 0x0b, 0x00, 0x80,
	0x10, 0x0c, 0xa2, 0x0a, 0x00, 0x80, 0x04, 0x02, 0x00, 0x00, 0x66, 0x05,
	0xaa, 0x05, 0x00, 0x80, 0x7b, 0x05, 0x11, 0x06, 0x00, 0x80, 0x03, 0x02,
	0x00, 0x00, 0x57, 0x0b, 0x63, 0x20, 0x00, 0x80, 0x2f, 0x0c, 0xc0, 0x23,
	0x00, 0x80, 0x04, 0x02, 0x00, 0x00, 0xf1, 0x0a, 0x4c, 0x0c, 0x00, 0x80,
	0x15, 0x0b, 0x8b, 0x0c, 0x00, 0x80, 0x03, 0x02, 0x00, 0x00, 0xb7, 0x0b,
	0xd6, 0x21, 0x00, 0x80, 0x7c, 0x0b, 0x01, 0x22, 0x00, 0x80, 0x03, 0x02,
	0x00, 0x00, 0x9a, 0x0a, 0x9b, 0x16, 0x00, 0x80, 0x30, 0x0c, 0xe7, 0x19,
	0x00, 0x80, 0x04, 0x02, 0x00, 0x00, 0xeb, 0x07, 0xc5, 0x16, 0x00, 0x80,
	0x23, 0x0b, 0x06, 0x12, 0x00, 0x80, 0x03, 0x03, 0x00, 0x00, 0xad, 0x0b,
	0x34, 0x0b, 0x00, 0x80, 0xa4, 0x0a, 0xb1, 0x09, 0x00, 0x80, 0xe0, 0x08,
	0x2c, 0x0b, 0x00, 0x80, 0x06, 0x02, 0x00, 0x00, 0x5b, 0x0b, 0xda, 0x02,
	0x00, 0x80, 0xdd, 0x0b, 0xb9, 0x05, 0x00, 0x80, 0x03, 0x02, 0x00, 0x00,
	0x03, 0x08, 0xe8, 0x08, 0x00, 0x80, 0xdd, 0x0b, 0xb9, 0x05, 0x00, 0x80,
	0x03, 0x02, 0x00, 0x00, 0xdb, 0x09, 0xdf, 0x1c, 0x00, 0x80, 0x57, 0x0b,
	0x63, 0x20, 0x00, 0x80, 0x03, 0x02, 0x00, 0x00, 0x74, 0x11, 0x96, 0x22,
	0x00, 0x80, 0x51, 0x17, 0x0e, 0x23, 0x00, 0x80, 0x03, 0x02, 0x00, 0x00,
	0x51, 0x1a, 0x70, 0x13, 0x00, 0x80, 0xb9, 0x1a, 0x64, 0x14, 0x00, 0x80,
	0x02, 0x02, 0x00, 0x00, 0xd6, 0x12, 0x34, 0x15, 0x00, 0x80, 0x4e, 0x12,
	0xa4, 0x18, 0x00, 0x80, 0x02, 0x02, 0x00, 0x00, 0xcd, 0x10, 0xd2, 0x21,
	0x00, 0x80, 0xac, 0x06, 0xd7, 0x26, 0x00, 0x80, 0x02, 0x02, 0x00, 0x00,
	0x1b, 0x13, 0x98, 0x13, 0x00, 0x80, 0xf7, 0x12, 0x5d, 0x14, 0x00, 0x80,
	0x02, 0x02, 0x00, 0x00, 0x13, 0x11, 0xa6, 0x26, 0x00, 0x80, 0x37, 0x11,
	0xb6, 0x25, 0x00, 0x80, 0x02, 0x02, 0x00, 0x00, 0xb9, 0x13, 0x21, 0x15,
	0x00, 0x80, 0xcc, 0x13, 0x9c, 0x14, 0x00, 0x80, 0x02, 0x02, 0x00, 0x00,
	0x4e, 0x12, 0xa4, 0x18, 0x00, 0x80, 0xfd, 0x10, 0x84, 0x1e, 0x00, 0x80,
	0x02, 0x03, 0x00, 0x00, 0xe1, 0x14, 0x39, 0x07, 0x00, 0x80, 0x21, 0x15,
	0x33, 0x0a, 0x00, 0x80, 0x1b, 0x13, 0x98, 0x13, 0x00, 0x80, 0x02, 0x02,
	0x00, 0x00, 0x02, 0x0c, 0x53, 0x25, 0x00, 0x80, 0x7a, 0x0e, 0xf0, 0x23,
	0x00, 0x80, 0x03, 0x02, 0x00, 0x00, 0x36, 0x01, 0x0b, 0x00, 0x00, 0x80,
	0x2a, 0x05, 0x3f, 0xfe, 0x00, 0x80, 0x03, 0x02, 0x00, 0x00, 0xe1, 0x14,
	0x39, 0x07, 0x00, 0x80, 0x0a, 0x1a, 0xc1, 0x12, 0x00, 0x80, 0x02, 0x02,
	0x00, 0x00, 0xee, 0x13, 0xd3, 0x13, 0x00, 0x80, 0x00, 0x16, 0x53, 0x09,
	0x00, 0x80, 0x05, 0x02, 0x00, 0x00, 0x59, 0x17, 0xd1, 0x23, 0x00, 0x80,
	0x41, 0x17, 0x88, 0x26, 0x00, 0x80, 0x03, 0x02, 0x00, 0x00, 0x3a, 0x1a,
	0xad, 0x23, 0x00, 0x80, 0x12, 0x1a, 0xbd, 0x22, 0x00, 0x80, 0x05, 0x02,
	0x00, 0x00, 0xbe, 0x11, 0x31, 0x23, 0x00, 0x80, 0xf0, 0x11, 0x1f, 0x21,
	0x00, 0x80, 0x04, 0x04, 0x00, 0x00, 0xaa, 0x0d, 0xb1, 0x11, 0x00, 0x80,
	0x1a, 0x10, 0x87, 0x15, 0x00, 0x80, 0x57, 0x11, 0x2e, 0x16, 0x00, 0x80,
	0xcb, 0x11, 0xc1, 0x14, 0x00, 0x80, 0x04, 0x02, 0x00, 0x00, 0x89, 0x17,
	0xe4, 0x16, 0x00, 0x80, 0x93, 0x17, 0x43, 0x16, 0x00, 0x80, 0x03, 0x02,
	0x00, 0x00, 0x58, 0x1a, 0x80, 0x12, 0x00, 0x80, 0xe7, 0x15, 0x7d, 0x07,
	0x00, 0x80, 0x02, 0x02, 0x00, 0x00, 0xe7, 0x15, 0x7d, 0x07, 0x00, 0x80,
	0x5e, 0x13, 0xe2, 0xfe, 0x00, 0x80, 0x05, 0x02, 0x00, 0x00, 0xdd, 0x1a,
	0xfa, 0x12, 0x00, 0x80, 0x98, 0x1a, 0x4b, 0x12, 0x00, 0x80, 0x03, 0x02,
	0x00, 0x00, 0xa6, 0x1a, 0x2c, 0x13, 0x00, 0x80, 0x58, 0x1a, 0x80, 0x12,
	0x00, 0x80, 0x03, 0x02, 0x00, 0x00, 0x0a, 0x1a, 0xc1, 0x12, 0x00, 0x80,
	0x51, 0x1a, 0x70, 0x13, 0x00, 0x80, 0x05, 0x02, 0x00, 0x00, 0x12, 0x1a,
	0x0a, 0x11, 0x00, 0x80, 0xfe, 0x16, 0x41, 0x09, 0x00, 0x80, 0x05, 0x02,
	0x00, 0x00, 0x10, 0x1b, 0xd2, 0x10, 0x00, 0x80, 0x12, 0x1a, 0x0a, 0x11,
	0x00, 0x80, 0x03, 0x02, 0x00, 0x00, 0x0a, 0x1b, 0x36, 0x14, 0x00, 0x80,
	0xa6, 0x1a, 0x2c, 0x13, 0x00, 0x80, 0x03, 0x02, 0x00, 0x00, 0xbd, 0x17,
	0xf4, 0x24, 0x00, 0x80, 0xd2, 0x17, 0x6f, 0x23, 0x00, 0x80, 0x03, 0x02,
	0x00, 0x00, 0x5a, 0x17, 0x74, 0x22, 0x00, 0x80, 0xd5, 0x13, 0x21, 0x22,
	0x00, 0x80, 0x03, 0x04, 0x00, 0x00, 0x19, 0x18, 0xcb, 0x22, 0x00, 0x80,
	0x70, 0x17, 0x4c, 0x22, 0x00, 0x80, 0x80, 0x17, 0x63, 0x23, 0x00, 0x80,
	0x19, 0x18, 0xcb, 0x22, 0x00, 0x80, 0x03, 0x02, 0x00, 0x00, 0x09, 0x18,
	0x29, 0x23, 0x00, 0x80, 0x60, 0x1a, 0x9a, 0x22, 0x00, 0x80, 0x06, 0x02,
	0x00, 0x00, 0xd6, 0x14, 0xb4, 0x22, 0x00, 0x80, 0xd4, 0x14, 0x48, 0x23,
	0x00, 0x80, 0x05, 0x02, 0x00, 0x00, 0x76, 0x10, 0xf8, 0x20, 0x00, 0x80,
	0x7f, 0x10, 0x63, 0x23, 0x00, 0x80, 0x05, 0x02, 0x00, 0x00, 0x7f, 0x10,
	0x63, 0x23, 0x00, 0x80, 0xc0, 0x10, 0x10, 0x25, 0x00, 0x80, 0x05, 0x02,
	0x00, 0x00, 0x7f, 0x10, 0x63, 0x23, 0x00, 0x80, 0xbe, 0x11, 0x31, 0x23,
	0x00, 0x80, 0x06, 0x02, 0x00, 0x00, 0x00, 0x0d, 0xb0, 0x09, 0x00, 0x80,
	0x94, 0x0c, 0xba, 0x08, 0x00, 0x80, 0x06, 0x02, 0x00, 0x00, 0x0c, 0x0c,
	0x0d, 0x07, 0x00, 0x80, 0x96, 0x0c, 0x6f, 0x06, 0x00, 0x80, 0x05, 0x02,
	0x00, 0x00, 0x4c, 0x1b, 0xfc, 0x13, 0x00, 0x80, 0x0a, 0x1b, 0x36, 0x14,
	0x00, 0x80, 0x05, 0x02, 0x00, 0x00, 0xce, 0x14, 0x10, 0x0a, 0x00, 0x80,
	0x26, 0x16, 0xa0, 0x0a, 0x00, 0x80, 0x03, 0x02, 0x00, 0x00, 0x80, 0x17,
	0x63, 0x23, 0x00, 0x80, 0x88, 0x17, 0xed, 0x24, 0x00, 0x80, 0x06, 0x03,
	0x00, 0x00, 0xa3, 0x04, 0xb2, 0x1c, 0x00, 0x80, 0x4a, 0x01, 0xf1, 0x1f,
	0x00, 0x80, 0x15, 0x02, 0x04, 0x23, 0x00, 0x80, 0x03, 0x02, 0x00, 0x00,
	0x2f, 0x0f, 0x5b, 0x0f, 0x00, 0x80, 0xad, 0x0f, 0x96, 0x0e, 0x00, 0x80,
	0x03, 0x02, 0x00, 0x00, 0xe8, 0x00, 0x34, 0x26, 0x00, 0x80, 0xa1, 0x00,
	0xec, 0x26, 0x00, 0x80, 0x02, 0x02, 0x00, 0x00, 0xcc, 0x10, 0xc2, 0x22,
	0x00, 0x80, 0xc0, 0x10, 0x10, 0x25, 0x00, 0x80, 0x02, 0x02, 0x00, 0x00,
	0x74, 0x11, 0x96, 0x22, 0x00, 0x80, 0x7d, 0x11, 0xd8, 0x21, 0x00, 0x80,
	0x06, 0x02, 0x00, 0x00, 0xbc, 0x10, 0x90, 0x03, 0x00, 0x80, 0xc0, 0x0f,
	0x80, 0x01, 0x00, 0x80, 0x06, 0x02, 0x00, 0x00, 0x66, 0x11, 0x02, 0x04,
	0x00, 0x80, 0x23, 0x12, 0x18, 0x03, 0x00, 0x80, 0x06, 0x02, 0x00, 0x00,
	0x11, 0x11, 0x87, 0x04, 0x00, 0x80, 0x4b, 0x12, 0x04, 0x07, 0x00, 0x80,
	0x06, 0x02, 0x00, 0x00, 0x9e, 0x02, 0x10, 0x24, 0x00, 0x80, 0x47, 0x02,
	0xdb, 0x25, 0x00, 0x80, 0x03, 0x02, 0x00, 0x00, 0x2f, 0x0c, 0xc0, 0x23,
	0x00, 0x80, 0x76, 0x0c, 0x13, 0x25, 0x00, 0x80, 0x06, 0x02, 0x00, 0x00,
	0xb7, 0x05, 0x57, 0x0c, 0x00, 0x80, 0x7c, 0x05, 0x11, 0x0b, 0x00, 0x80,
	0x06, 0x02, 0x00, 0x00, 0x41, 0x0c, 0x7a, 0x07, 0x00, 0x80, 0x0c, 0x0c,
	0x0d, 0x07, 0x00, 0x80, 0x04, 0x02, 0x00, 0x00, 0x4c, 0x09, 0x1f, 0x00,
	0x00, 0x80, 0xb0, 0x09, 0xf3, 0xff, 0x00, 0x80, 0x06, 0x02, 0x00, 0x00,
	0x0e, 0x00, 0x64, 0x25, 0x00, 0x80, 0xac, 0x00, 0xd1, 0x26, 0x00, 0x80,
	0x03, 0x02, 0x00, 0x00, 0x38, 0x0c, 0x7d, 0x21, 0x00, 0x80, 0xfe, 0x0b,
	0xa6, 0x21, 0x00, 0x80, 0x03, 0x02, 0x00, 0x00, 0x44, 0x0f, 0xcc, 0x1d,
	0x00, 0x80, 0x2d, 0x0f, 0x2b, 0x1e, 0x00, 0x80, 0x03, 0x02, 0x00, 0x00,
	0xfe, 0x0b, 0xa6, 0x21, 0x00, 0x80, 0xb7, 0x0b, 0xd6, 0x21, 0x00, 0x80,
	0x03, 0x03, 0x00, 0x00, 0x2d, 0x0f, 0x2b, 0x1e, 0x00, 0x80, 0x10, 0x0e,
	0x77, 0x20, 0x00, 0x80, 0x38, 0x0c, 0x7d, 0x21, 0x00, 0x80, 0x03, 0x02,
	0x00, 0x00, 0x76, 0x0f, 0xf6, 0x1c, 0x00, 0x80, 0x5d, 0x0f, 0x62, 0x1d,
	0x00, 0x80, 0x03, 0x02, 0x00, 0x00, 0x8c, 0x0f, 0x97, 0x1c, 0x00, 0x80,
	0x76, 0x0f, 0xf6, 0x1c, 0x00, 0x80, 0x03, 0x02, 0x00, 0x00, 0x7e, 0x10,
	0x83, 0x18, 0x00, 0x80, 0x6b, 0x10, 0xd9, 0x18, 0x00, 0x80, 0x03, 0x02,
	0x00, 0x00, 0x6b, 0x10, 0xd9, 0x18, 0x00, 0x80, 0x8c, 0x0f, 0x97, 0x1c,
	0x00, 0x80, 0x03, 0x02, 0x00, 0x00, 0x3c, 0x0b, 0x29, 0x22, 0x00, 0x80,
	0xe0, 0x09, 0xe0, 0x22, 0x00, 0x80, 0x03, 0x02, 0x00, 0x00, 0xe0, 0x09,
	0xe0, 0x22, 0x00, 0x80, 0x8f, 0x09, 0xa4, 0x22, 0x00, 0x80, 0x03, 0x02,
	0x00, 0x00, 0x7c, 0x0b, 0x01, 0x22, 0x00, 0x80, 0x3c, 0x0b, 0x29, 0x22,
	0x00, 0x80, 0x02, 0x02, 0x00, 0x00, 0x29, 0x13, 0x00, 0x19, 0x00, 0x80,
	0xb9, 0x13, 0x21, 0x15, 0x00, 0x80, 0x03, 0x02, 0x00, 0x00, 0x3a, 0x1a,
	0xad, 0x23, 0x00, 0x80, 0x55, 0x1a, 0x43, 0x24, 0x00, 0x80, 0x03, 0x02,
	0x00, 0x00, 0x55, 0x1a, 0x43, 0x24, 0x00, 0x80, 0x5d, 0x1a, 0xbc, 0x24,
	0x00, 0x80, 0x03, 0x02, 0x00, 0x00, 0x2e, 0x18, 0xca, 0x1b, 0x00, 0x80,
	0x76, 0x18, 0xc1, 0x1b, 0x00, 0x80, 0x03, 0x02, 0x00, 0x00, 0xf0, 0x17,
	0xc1, 0x1b, 0x00, 0x80, 0x2e, 0x18, 0xca, 0x1b, 0x00, 0x80, 0x04, 0x02,
	0x00, 0x00, 0xa6, 0x1a, 0x1b, 0x19, 0x00, 0x80, 0xa5, 0x1a, 0x80, 0x19,
	0x00, 0x80, 0x04, 0x02, 0x00, 0x00, 0xa5, 0x1a, 0x80, 0x19, 0x00, 0x80,
	0xa5, 0x1a, 0x11, 0x1a, 0x00, 0x80, 0x04, 0x02, 0x00, 0x00, 0x93, 0x17,
	0x43, 0x16, 0x00, 0x80, 0x9d, 0x17, 0xf0, 0x15, 0x00, 0x80, 0x04, 0x02,
	0x00, 0x00, 0xcf, 0x14, 0xb9, 0x15, 0x00, 0x80, 0xc9, 0x14, 0x0f, 0x16,
	0x00, 0x80, 0x05, 0x02, 0x00, 0x00, 0x03, 0x18, 0xab, 0x21, 0x00, 0x80,
	0x11, 0x18, 0xd9, 0x20, 0x00, 0x80, 0x05, 0x02, 0x00, 0x00, 0x11, 0x18,
	0xd9, 0x20, 0x00, 0x80, 0x3a, 0x18, 0x9a, 0x1e, 0x00, 0x80, 0x03, 0x02,
	0x00, 0x00, 0xcb, 0x14, 0x2a, 0x1b, 0x00, 0x80, 0x0a, 0x15, 0x33, 0x1b,
	0x00, 0x80, 0x03, 0x02, 0x00, 0x00, 0x0a, 0x15, 0x33, 0x1b, 0x00, 0x80,
	0x5b, 0x15, 0x3e, 0x1b, 0x00, 0x80, 0x04, 0x02, 0x00, 0x00, 0x18, 0x13,
	0x17, 0x21, 0x00, 0x80, 0x21, 0x13, 0xb2, 0x20, 0x00, 0x80, 0x03, 0x03,
	0x00, 0x00, 0x21, 0x13, 0xb2, 0x20, 0x00, 0x80, 0xee, 0x13, 0x50, 0x1b,
	0x00, 0x80, 0xcb, 0x14, 0x2a, 0x1b, 0x00, 0x80, 0x06, 0x02, 0x00, 0x00,
	0x16, 0x14, 0x31, 0x23, 0x00, 0x80, 0xf7, 0x13, 0x25, 0x26, 0x00, 0x80,
	0x03, 0x02, 0x00, 0x00, 0xdd, 0x0c, 0xbd, 0x15, 0x00, 0x80, 0x4b, 0x0c,
	0xab, 0x16, 0x00, 0x80, 0x03, 0x02, 0x00, 0x00, 0x8a, 0x0d, 0xd7, 0x16,
	0x00, 0x80, 0x6c, 0x0c, 0x04, 0x15, 0x00, 0x80, 0x03, 0x02, 0x00, 0x00,
	0x10, 0x0c, 0xa2, 0x0a, 0x00, 0x80, 0x51, 0x0c, 0x51, 0x0a, 0x00, 0x80,
	0x03, 0x03, 0x00, 0x00, 0xb4, 0x08, 0x66, 0x0e, 0x00, 0x80, 0x4a, 0x08,
	0x98, 0x0d, 0x00, 0x80, 0xd6, 0x06, 0x09, 0x0f, 0x00, 0x80, 0x06, 0x02,
	0x00, 0x00, 0xba, 0x00, 0x07, 0x0f, 0x00, 0x80, 0x31, 0x01, 0x5c, 0x0f,
	0x00, 0x80, 0x03, 0x02, 0x00, 0x00, 0x62, 0x0c, 0x60, 0x02, 0x00, 0x80,
	0xd2, 0x0c, 0xe9, 0x04, 0x00, 0x80, 0x06, 0x02, 0x00, 0x00, 0xee, 0x09,
	0xcb, 0x03, 0x00, 0x80, 0xf7, 0x09, 0xf9, 0x03, 0x00, 0x80, 0x06, 0x02,
	0x00, 0x00, 0x3b, 0x02, 0xfd, 0x25, 0x00, 0x80, 0xec, 0x01, 0x00, 0x26,
	0x00, 0x80, 0x04, 0x02, 0x00, 0x00, 0xe9, 0x0d, 0x22, 0x1b, 0x00, 0x80,
	0x68, 0x0c, 0x6c, 0x1d, 0x00, 0x80, 0x04, 0x02, 0x00, 0x00, 0x12, 0x0c,
	0xc3, 0x1c, 0x00, 0x80, 0x98, 0x0d, 0xb7, 0x1a, 0x00, 0x80, 0x03, 0x02,
	0x00, 0x00, 0x05, 0x09, 0x10, 0x0f, 0x00, 0x80, 0xd8, 0x08, 0xb1, 0x0e,
	0x00, 0x80, 0x03, 0x02, 0x00, 0x00, 0xd8, 0x08, 0xb1, 0x0e, 0x00, 0x80,
	0xb4, 0x08, 0x66, 0x0e, 0x00, 0x80, 0x05, 0x02, 0x00, 0x00, 0xca, 0x12,
	0x80, 0x13, 0x00, 0x80, 0xae, 0x12, 0x4c, 0x14, 0x00, 0x80, 0x05, 0x02,
	0x00, 0x00, 0xce, 0x14, 0x10, 0x0a, 0x00, 0x80, 0xfe, 0x12, 0x3c, 0x12,
	0x00, 0x80, 0x06, 0x02, 0x00, 0x00, 0x3e, 0x03, 0x20, 0x0e, 0x00, 0x80,
	0x31, 0x01, 0x5c, 0x0f, 0x00, 0x80, 0x06, 0x03, 0x00, 0x00, 0x0e, 0x06,
	0x55, 0x0e, 0x00, 0x80, 0x34, 0x04, 0xa0, 0x0f, 0x00, 0x80, 0xa7, 0x04,
	0x3f, 0x12, 0x00, 0x80, 0x06, 0x02, 0x00, 0x00, 0x34, 0x04, 0xa0, 0x0f,
	0x00, 0x80, 0x5c, 0x02, 0x51, 0x10, 0x00, 0x80, 0x06, 0x02, 0x00, 0x00,
	0x55, 0x01, 0x86, 0x11, 0x00, 0x80, 0x5c, 0x02, 0x51, 0x10, 0x00, 0x80,
	0x06, 0x02, 0x00, 0x00, 0x02, 0x0c, 0x2d, 0x14, 0x00, 0x80, 0x31, 0x0c,
	0x8e, 0x14, 0x00, 0x80, 0x06, 0x04, 0x00, 0x00, 0xed, 0x12, 0xce, 0x09,
	0x00, 0x80, 0xd3, 0x13, 0x50, 0x08, 0x00, 0x80, 0x48, 0x13, 0x7c, 0x07,
	0x00, 0x80, 0x6d, 0x12, 0x00, 0x09, 0x00, 0x80, 0x05, 0x02, 0x00, 0x00,
	0xfe, 0x12, 0x3c, 0x12, 0x00, 0x80, 0xca, 0x12, 0x80, 0x13, 0x00, 0x80,
	0x04, 0x02, 0x00, 0x00, 0x7b, 0x05, 0x11, 0x06, 0x00, 0x80, 0x92, 0x05,
	0xbc, 0x06, 0x00, 0x80, 0x04, 0x02, 0x00, 0x00, 0x92, 0x05, 0xbc, 0x06,
	0x00, 0x80, 0x6c, 0x06, 0x4e, 0x09, 0x00, 0x80, 0x06, 0x02, 0x00, 0x00,
	0xf7, 0x09, 0xf9, 0x03, 0x00, 0x80, 0x1f, 0x0a, 0xd7, 0x04, 0x00, 0x80,
	0x06, 0x02, 0x00, 0x00, 0x1f, 0x0a, 0xd7, 0x04, 0x00, 0x80, 0x45, 0x0a,
	0xb3, 0x05, 0x00, 0x80, 0x06, 0x02, 0x00, 0x00, 0x45, 0x0a, 0xb3, 0x05,
	0x00, 0x80, 0x68, 0x0a, 0x7b, 0x06, 0x00, 0x80, 0x06, 0x02, 0x00, 0x00,
	0x68, 0x0a, 0x7b, 0x06, 0x00, 0x80, 0x77, 0x0a, 0xd3, 0x06, 0x00, 0x80,
	0x02, 0x02, 0x00, 0x00, 0x16, 0x13, 0xd7, 0x01, 0x00, 0x80, 0xe1, 0x14,
	0x39, 0x07, 0x00, 0x80, 0x06, 0x02, 0x00, 0x00, 0xbe, 0x05, 0x73, 0x0c,
	0x00, 0x80, 0xb7, 0x05, 0x57, 0x0c, 0x00, 0x80, 0x06, 0x02, 0x00, 0x00,
	0x1d, 0x06, 0x05, 0x0e, 0x00, 0x80, 0x0a, 0x06, 0xb7, 0x0d, 0x00, 0x80,
	0x03, 0x02, 0x00, 0x00, 0x56, 0x06, 0xd6, 0x03, 0x00, 0x80, 0x76, 0x08,
	0x1a, 0x0a, 0x00, 0x80, 0x06, 0x02, 0x00, 0x00, 0x4b, 0x06, 0xdc, 0x0b,
	0x00, 0x80, 0xf4, 0x05, 0x2d, 0x0c, 0x00, 0x80, 0x06, 0x02, 0x00, 0x00,
	0xe7, 0x06, 0x2f, 0x0b, 0x00, 0x80, 0x4b, 0x06, 0xdc, 0x0b, 0x00, 0x80,
	0x06, 0x02, 0x00, 0x00, 0xf4, 0x05, 0x2d, 0x0c, 0x00, 0x80, 0xb7, 0x05,
	0x57, 0x0c, 0x00, 0x80, 0x02, 0x02, 0x00, 0x00, 0x7d, 0x11, 0xd8, 0x21,
	0x00, 0x80, 0xc3, 0x11, 0x8e, 0x1f, 0x00, 0x80, 0x06, 0x02, 0x00, 0x00,
	0x18, 0x00, 0xbc, 0x16, 0x00, 0x80, 0x1e, 0x00, 0xdb, 0x16, 0x00, 0x80,
	0x06, 0x02, 0x00, 0x00, 0xfb, 0x00, 0x53, 0x16, 0x00, 0x80, 0x13, 0x01,
	0x66, 0x16, 0x00, 0x80, 0x06, 0x02, 0x00, 0x00, 0x2b, 0x00, 0x23, 0x17,
	0x00, 0x80, 0x89, 0x02, 0x5f, 0x15, 0x00, 0x80, 0x06, 0x02, 0x00, 0x00,
	0x39, 0x01, 0xa1, 0x16, 0x00, 0x80, 0x9d, 0x02, 0xe4, 0x1d, 0x00, 0x80,
	0x06, 0x02, 0x00, 0x00, 0x95, 0x02, 0xc7, 0x1d, 0x00, 0x80, 0xaf, 0x00,
	0xda, 0x1e, 0x00, 0x80, 0x06, 0x02, 0x00, 0x00, 0xa3, 0x00, 0x98, 0x1e,
	0x00, 0x80, 0xaf, 0x00, 0xda, 0x1e, 0x00, 0x80, 0x06, 0x02, 0x00, 0x00,
	0x2b, 0x00, 0x23, 0x17, 0x00, 0x80, 0x46, 0x00, 0xbb, 0x17, 0x00, 0x80,
	0x06, 0x02, 0x00, 0x00, 0xfc, 0x00, 0x6c, 0x1e, 0x00, 0x80, 0x08, 0x01,
	0xae, 0x1e, 0x00, 0x80, 0x06, 0x02, 0x00, 0x00, 0x62, 0x01, 0x3a, 0x1e,
	0x00, 0x80, 0x6f, 0x01, 0x7c, 0x1e, 0x00, 0x80, 0x06, 0x02, 0x00, 0x00,
	0xa3, 0x00, 0x98, 0x1e, 0x00, 0x80, 0x98, 0x00, 0x55, 0x1e, 0x00, 0x80,
	0x06, 0x02, 0x00, 0x00, 0x46, 0x00, 0xbb, 0x17, 0x00, 0x80, 0x54, 0x00,
	0x00, 0x18, 0x00, 0x80, 0x06, 0x04, 0x00, 0x00, 0x54, 0x00, 0x00, 0x18,
	0x00, 0x80, 0x92, 0x01, 0xdc, 0x1d, 0x00, 0x80, 0x60, 0x00, 0x71, 0x1e,
	0x00, 0x80, 0x0e, 0x00, 0xb3, 0x1c, 0x00, 0x80, 0x06, 0x02, 0x00, 0x00,
	0x6e, 0x00, 0x85, 0x1c, 0x00, 0x80, 0x0e, 0x00, 0xb3, 0x1c, 0x00, 0x80,
	0x06, 0x02, 0x00, 0x00, 0x41, 0x00, 0xc9, 0x1d, 0x00, 0x80, 0xfc, 0x00,
	0x6e, 0x1d, 0x00, 0x80, 0x06, 0x02, 0x00, 0x00, 0x1a, 0x01, 0x16, 0x1e,
	0x00, 0x80, 0x21, 0x00, 0xc3, 0x18, 0x00, 0x80, 0x06, 0x02, 0x00, 0x00,
	0xfc, 0x00, 0x6c, 0x1e, 0x00, 0x80, 0xc2, 0x00, 0x8a, 0x1d, 0x00, 0x80,
	0x06, 0x02, 0x00, 0x00, 0x62, 0x01, 0x3a, 0x1e, 0x00, 0x80, 0x56, 0x01,
	0xf9, 0x1d, 0x00, 0x80, 0x06, 0x02, 0x00, 0x00, 0x3f, 0x01, 0x1a, 0x1c,
	0x00, 0x80, 0xc8, 0x00, 0x53, 0x1c, 0x00, 0x80, 0x06, 0x02, 0x00, 0x00,
	0x18, 0x01, 0x47, 0x1b, 0x00, 0x80, 0xae, 0x01, 0x00, 0x1b, 0x00, 0x80,
	0x06, 0x02, 0x00, 0x00, 0xef, 0x00, 0x67, 0x1a, 0x00, 0x80, 0x79, 0x00,
	0xa0, 0x1a, 0x00, 0x80, 0x06, 0x02, 0x00, 0x00, 0xae, 0x01, 0x00, 0x1b,
	0x00, 0x80, 0xd0, 0x01, 0xef, 0x1a, 0x00, 0x80, 0x06, 0x02, 0x00, 0x00,
	0xd0, 0x01, 0xef, 0x1a, 0x00, 0x80, 0x04, 0x02, 0xd0, 0x1a, 0x00, 0x80,
	0x06, 0x02, 0x00, 0x00, 0x94, 0x00, 0xfc, 0x1c, 0x00, 0x80, 0x25, 0x00,
	0x32, 0x1d, 0x00, 0x80, 0x06, 0x02, 0x00, 0x00, 0x69, 0x00, 0x49, 0x1a,
	0x00, 0x80, 0x12, 0x00, 0x74, 0x1a, 0x00, 0x80, 0x06, 0x02, 0x00, 0x00,
	0x0a, 0x00, 0xfd, 0x19, 0x00, 0x80, 0xaf, 0x00, 0x93, 0x1d, 0x00, 0x80,
	0x06, 0x02, 0x00, 0x00, 0x18, 0x00, 0x44, 0x1b, 0x00, 0x80, 0x8c, 0x00,
	0x0a, 0x1b, 0x00, 0x80, 0x06, 0x02, 0x00, 0x00, 0xd7, 0x00, 0xe6, 0x19,
	0x00, 0x80, 0x61, 0x00, 0x1f, 0x1a, 0x00, 0x80, 0x06, 0x02, 0x00, 0x00,
	0x56, 0x01, 0x9b, 0x1c, 0x00, 0x80, 0xdf, 0x00, 0xd3, 0x1c, 0x00, 0x80,
	0x06, 0x02, 0x00, 0x00, 0xb3, 0x00, 0x24, 0x19, 0x00, 0x80, 0x3d, 0x00,
	0x5d, 0x19, 0x00, 0x80, 0x06, 0x02, 0x00, 0x00, 0x6e, 0x01, 0x18, 0x1d,
	0x00, 0x80, 0xf6, 0x00, 0x52, 0x1d, 0x00, 0x80, 0x06, 0x02, 0x00, 0x00,
	0x12, 0x01, 0x2a, 0x1b, 0x00, 0x80, 0xae, 0x00, 0x5b, 0x1b, 0x00, 0x80,
	0x06, 0x02, 0x00, 0x00, 0x97, 0x00, 0x8a, 0x18, 0x00, 0x80, 0x17, 0x00,
	0xc7, 0x18, 0x00, 0x80, 0x06, 0x02, 0x00, 0x00, 0x9b, 0x0e, 0xcf, 0x21,
	0x00, 0x80, 0xa4, 0x0e, 0xda, 0x21, 0x00, 0x80, 0x06, 0x02, 0x00, 0x00,
	0x67, 0x10, 0x05, 0x21, 0x00, 0x80, 0x76, 0x10, 0xf8, 0x20, 0x00, 0x80,
	0x06, 0x02, 0x00, 0x00, 0x8a, 0x10, 0x4b, 0x1e, 0x00, 0x80, 0xa5, 0x10,
	0x3b, 0x1e, 0x00, 0x80, 0x06, 0x02, 0x00, 0x00, 0x7a, 0x0f, 0xae, 0x1d,
	0x00, 0x80, 0x5d, 0x0f, 0x62, 0x1d, 0x00, 0x80, 0x06, 0x02, 0x00, 0x00,
	0xa1, 0x0c, 0xd9, 0x1d, 0x00, 0x80, 0xe1, 0x0c, 0x28, 0x1f, 0x00, 0x80,
	0x06, 0x02, 0x00, 0x00, 0xb4, 0x0d, 0x2d, 0x1c, 0x00, 0x80, 0xda, 0x0d,
	0x46, 0x1c, 0x00, 0x80, 0x06, 0x02, 0x00, 0x00, 0xda, 0x0d, 0x46, 0x1c,
	0x00, 0x80, 0x2e, 0x0e, 0x7c, 0x1c, 0x00, 0x80, 0x06, 0x02, 0x00, 0x00,
	0x2e, 0x0e, 0x7c, 0x1c, 0x00, 0x80, 0x3e, 0x0e, 0x86, 0x1c, 0x00, 0x80,
	0x03, 0x04, 0x00, 0x00, 0xa1, 0x0c, 0xd9, 0x1d, 0x00, 0x80, 0xeb, 0x0d,
	0x34, 0x1b, 0x00, 0x80, 0x3f, 0x0d, 0x54, 0x1a, 0x00, 0x80, 0xd1, 0x0b,
	0x41, 0x1c, 0x00, 0x80, 0x06, 0x02, 0x00, 0x00, 0xeb, 0x07, 0xc5, 0x16,
	0x00, 0x80, 0xad, 0x08, 0x13, 0x19, 0x00, 0x80, 0x06, 0x02, 0x00, 0x00,
	0x9a, 0x0c, 0xbe, 0x1a, 0x00, 0x80, 0xbd, 0x0c, 0x05, 0x1b, 0x00, 0x80,
	0x06, 0x02, 0x00, 0x00, 0x30, 0x0c, 0xe7, 0x19, 0x00, 0x80, 0x61, 0x0c,
	0x4d, 0x1a, 0x00, 0x80, 0x06, 0x02, 0x00, 0x00, 0x61, 0x0c, 0x4d, 0x1a,
	0x00, 0x80, 0x9a, 0x0c, 0xbe, 0x1a, 0x00, 0x80, 0x03, 0x02, 0x00, 0x00,
	0xdb, 0x0c, 0xed, 0x12, 0x00, 0x80, 0x9a, 0x0a, 0x9b, 0x16, 0x00, 0x80,
	0x06, 0x03, 0x00, 0x00, 0xfe, 0x11, 0x16, 0x06, 0x00, 0x80, 0xd8, 0x12,
	0xff, 0x04, 0x00, 0x80, 0x3d, 0x13, 0xbf, 0x05, 0x00, 0x80, 0x06, 0x02,
	0x00, 0x00, 0x47, 0x11, 0xc8, 0x09, 0x00, 0x80, 0x6e, 0x11, 0x07, 0x0a,
	0x00, 0x80, 0x06, 0x02, 0x00, 0x00, 0x93, 0x13, 0x82, 0x09, 0x00, 0x80,
	0x98, 0x13, 0xf9, 0x08, 0x00, 0x80, 0x06, 0x02, 0x00, 0x00, 0x4a, 0x0f,
	0xfa, 0x0c, 0x00, 0x80, 0x7f, 0x0f, 0x58, 0x0d, 0x00, 0x80, 0x06, 0x02,
	0x00, 0x00, 0xab, 0x12, 0x1b, 0x0c, 0x00, 0x80, 0x32, 0x12, 0x5b, 0x0b,
	0x00, 0x80, 0x06, 0x02, 0x00, 0x00, 0x93, 0x13, 0x82, 0x09, 0x00, 0x80,
	0xab, 0x12, 0x1b, 0x0c, 0x00, 0x80, 0x06, 0x02, 0x00, 0x00, 0x8b, 0x12,
	0xbf, 0x07, 0x00, 0x80, 0xe1, 0x12, 0xde, 0x07, 0x00, 0x80, 0x03, 0x02,
	0x00, 0x00, 0x3b, 0x11, 0x33, 0x00, 0x00, 0x80, 0x81, 0x12, 0x66, 0xff,
	0x00, 0x80, 0x05, 0x02, 0x00, 0x00, 0x47, 0x12, 0x5b, 0x00, 0x00, 0x80,
	0xe0, 0x13, 0x7e, 0xff, 0x00, 0x80, 0x06, 0x02, 0x00, 0x00, 0x30, 0x12,
	0x77, 0x19, 0x00, 0x80, 0x4e, 0x12, 0x60, 0x1a, 0x00, 0x80, 0x06, 0x02,
	0x00, 0x00, 0x45, 0x13, 0xff, 0x19, 0x00, 0x80, 0x8e, 0x12, 0xc9, 0x1a,
	0x00, 0x80, 0x06, 0x02, 0x00, 0x00, 0xcf, 0x11, 0x3d, 0x19, 0x00, 0x80,
	0x30, 0x12, 0x77, 0x19, 0x00, 0x80, 0x04, 0x02, 0x00, 0x00, 0x85, 0x06,
	0xab, 0x09, 0x00, 0x80, 0x9f, 0x06, 0x16, 0x0a, 0x00, 0x80, 0x04, 0x02,
	0x00, 0x00, 0x6c, 0x06, 0x4e, 0x09, 0x00, 0x80, 0x85, 0x06, 0xab, 0x09,
	0x00, 0x80, 0x04, 0x02, 0x00, 0x00, 0x39, 0x0b, 0xcf, 0x0c, 0x00, 0x80,
	0x83, 0x0c, 0x5c, 0x0f, 0x00, 0x80, 0x04, 0x02, 0x00, 0x00, 0x15, 0x0b,
	0x8b, 0x0c, 0x00, 0x80, 0x39, 0x0b, 0xcf, 0x0c, 0x00, 0x80, 0x04, 0x02,
	0x00, 0x00, 0xf2, 0x0a, 0x2a, 0x0a, 0x00, 0x80, 0xcb, 0x0a, 0x6a, 0x0a,
	0x00, 0x80, 0x04, 0x02, 0x00, 0x00, 0xcc, 0x0a, 0x0d, 0x0c, 0x00, 0x80,
	0xf1, 0x0a, 0x4c, 0x0c, 0x00, 0x80, 0x04, 0x02, 0x00, 0x00, 0xa2, 0x0a,
	0xc2, 0x0b, 0x00, 0x80, 0xcc, 0x0a, 0x0d, 0x0c, 0x00, 0x80, 0x04, 0x02,
	0x00, 0x00, 0x9a, 0x0a, 0xb7, 0x0a, 0x00, 0x80, 0xa2, 0x0a, 0xc2, 0x0b,
	0x00, 0x80, 0x04, 0x02, 0x00, 0x00, 0xcb, 0x0a, 0x6a, 0x0a, 0x00, 0x80,
	0x9a, 0x0a, 0xb7, 0x0a, 0x00, 0x80, 0x04, 0x02, 0x00, 0x00, 0xa9, 0x0c,
	0xa2, 0x0f, 0x00, 0x80, 0xce, 0x0c, 0xe5, 0x0f, 0x00, 0x80, 0x04, 0x02,
	0x00, 0x00, 0x83, 0x0c, 0x5c, 0x0f, 0x00, 0x80, 0xa9, 0x0c, 0xa2, 0x0f,
	0x00, 0x80, 0x03, 0x02, 0x00, 0x00, 0xa7, 0x0e, 0x1b, 0x10, 0x00, 0x80,
	0x2f, 0x0f, 0x5b, 0x0f, 0x00, 0x80, 0x06, 0x02, 0x00, 0x00, 0x93, 0x13,
	0x82, 0x09, 0x00, 0x80, 0xce, 0x14, 0x10, 0x0a, 0x00, 0x80, 0x06, 0x02,
	0x00, 0x00, 0x79, 0x14, 0xea, 0x09, 0x00, 0x80, 0x81, 0x14, 0xbb, 0x09,
	0x00, 0x80, 0x06, 0x02, 0x00, 0x00, 0x96, 0x14, 0xf7, 0x08, 0x00, 0x80,
	0xc2, 0x14, 0x6b, 0x08, 0x00, 0x80, 0x06, 0x02, 0x00, 0x00, 0x18, 0x0e,
	0xa1, 0x0d, 0x00, 0x80, 0x45, 0x0f, 0x3f, 0x0f, 0x00, 0x80, 0x06, 0x02,
	0x00, 0x00, 0x0d, 0x14, 0xf1, 0x06, 0x00, 0x80, 0x5d, 0x13, 0x9c, 0x07,
	0x00, 0x80, 0x06, 0x02, 0x00, 0x00, 0xc7, 0x13, 0x3e, 0x08, 0x00, 0x80,
	0x38, 0x14, 0xb1, 0x06, 0x00, 0x80, 0x06, 0x02, 0x00, 0x00, 0xee, 0x12,
	0x2d, 0x08, 0x00, 0x80, 0xed, 0x12, 0xce, 0x09, 0x00, 0x80, 0x06, 0x02,
	0x00, 0x00, 0xc7, 0x12, 0x05, 0x0a, 0x00, 0x80, 0xb2, 0x11, 0x26, 0x0a,
	0x00, 0x80, 0x06, 0x02, 0x00, 0x00, 0x1e, 0x12, 0x38, 0x0b, 0x00, 0x80,
	0x86, 0x11, 0x30, 0x0a, 0x00, 0x80, 0x06, 0x03, 0x00, 0x00, 0x77, 0x11,
	0x82, 0x0a, 0x00, 0x80, 0xca, 0x10, 0x65, 0x0f, 0x00, 0x80, 0xf6, 0x11,
	0xb9, 0x0f, 0x00, 0x80, 0x03, 0x02, 0x00, 0x00, 0xa3, 0x03, 0xaf, 0x06,
	0x00, 0x80, 0x56, 0x04, 0x49, 0x06, 0x00, 0x80, 0x04, 0x02, 0x00, 0x00,
	0xbb, 0x03, 0xa0, 0x06, 0x00, 0x80, 0xd2, 0x03, 0x02, 0x07, 0x00, 0x80,
	0x04, 0x02, 0x00, 0x00, 0x93, 0x03, 0xe1, 0x26, 0x00, 0x80, 0x36, 0x03,
	0x4f, 0x26, 0x00, 0x80, 0x02, 0x02, 0x00, 0x00, 0xc3, 0x11, 0x8e, 0x1f,
	0x00, 0x80, 0x29, 0x13, 0x00, 0x19, 0x00, 0x80, 0x03, 0x02, 0x00, 0x00,
	0xd5, 0x13, 0x21, 0x22, 0x00, 0x80, 0x7d, 0x11, 0xd8, 0x21, 0x00, 0x80,
	0x06, 0x02, 0x00, 0x00, 0xda, 0x14, 0x48, 0x22, 0x00, 0x80, 0xd6, 0x14,
	0xb4, 0x22, 0x00, 0x80, 0x06, 0x02, 0x00, 0x00, 0xbf, 0x0b, 0x77, 0x23,
	0x00, 0x80, 0x11, 0x0c, 0xbc, 0x25, 0x00, 0x80, 0x06, 0x03, 0x00, 0x00,
	0xff, 0x0b, 0x09, 0x25, 0x00, 0x80, 0xda, 0x0a, 0xd0, 0x24, 0x00, 0x80,
	0xd5, 0x07, 0xdb, 0x26, 0x00, 0x80, 0x06, 0x02, 0x00, 0x00, 0x45, 0x07,
	0xf3, 0x25, 0x00, 0x80, 0x61, 0x07, 0x6c, 0x26, 0x00, 0x80, 0x06, 0x02,
	0x00, 0x00, 0x8d, 0x06, 0x5d, 0x26, 0x00, 0x80, 0xac, 0x06, 0xd7, 0x26,
	0x00, 0x80, 0x03, 0x02, 0x00, 0x00, 0x6e, 0x09, 0x1d, 0x22, 0x00, 0x80,
	0x53, 0x09, 0xb4, 0x21, 0x00, 0x80, 0x03, 0x02, 0x00, 0x00, 0x8f, 0x09,
	0xa4, 0x22, 0x00, 0x80, 0x6e, 0x09, 0x1d, 0x22, 0x00, 0x80, 0x03, 0x05,
	0x00, 0x00, 0xbb, 0x07, 0xae, 0x24, 0x00, 0x80, 0x8e, 0x07, 0xdc, 0x22,
	0x00, 0x80, 0x97, 0x0c, 0x74, 0x1f, 0x00, 0x80, 0x51, 0x0e, 0x17, 0x1d,
	0x00, 0x80, 0xab, 0x0f, 0x37, 0x17, 0x00, 0x80, 0x03, 0x02, 0x00, 0x00,
	0xdc, 0x07, 0x50, 0x25, 0x00, 0x80, 0xbb, 0x07, 0xae, 0x24, 0x00, 0x80,
	0x04, 0x02, 0x00, 0x00, 0x76, 0x07, 0x56, 0x23, 0x00, 0x80, 0x29, 0x07,
	0x86, 0x23, 0x00, 0x80, 0x06, 0x02, 0x00, 0x00, 0x66, 0x06, 0x33, 0x23,
	0x00, 0x80, 0x2e, 0x06, 0x58, 0x23, 0x00, 0x80, 0x06, 0x02, 0x00, 0x00,
	0xfa, 0x06, 0xd2, 0x22, 0x00, 0x80, 0x66, 0x06, 0x33, 0x23, 0x00, 0x80,
	0x04, 0x02, 0x00, 0x00, 0x36, 0x03, 0x4f, 0x26, 0x00, 0x80, 0x59, 0x03,
	0x58, 0x24, 0x00, 0x80, 0x06, 0x02, 0x00, 0x00, 0x87, 0x11, 0x82, 0x0f,
	0x00, 0x80, 0x81, 0x12, 0xd2, 0x0b, 0x00, 0x80, 0x06, 0x02, 0x00, 0x00,
	0x84, 0x02, 0xda, 0x23, 0x00, 0x80, 0x6e, 0x02, 0x95, 0x25, 0x00, 0x80,
	0x06, 0x02, 0x00, 0x00, 0x5c, 0x02, 0x49, 0x26, 0x00, 0x80, 0xa2, 0x02,
	0xfc, 0x26, 0x00, 0x80, 0x03, 0x02, 0x00, 0x00, 0x0a, 0x07, 0xca, 0x1f,
	0x00, 0x80, 0x85, 0x06, 0x3f, 0x1e, 0x00, 0x80, 0x04, 0x02, 0x00, 0x00,
	0x85, 0x06, 0x3f, 0x1e, 0x00, 0x80, 0xb4, 0x06, 0x0c, 0x1e, 0x00, 0x80,
	0x03, 0x02, 0x00, 0x00, 0x50, 0x0a, 0x3d, 0x1c, 0x00, 0x80, 0x25, 0x09,
	0xf9, 0x19, 0x00, 0x80, 0x04, 0x02, 0x00, 0x00, 0x83, 0x09, 0x4b, 0x1a,
	0x00, 0x80, 0x63, 0x09, 0x75, 0x1a, 0x00, 0x80, 0x03, 0x02, 0x00, 0x00,
	0xb2, 0x0d, 0x24, 0x17, 0x00, 0x80, 0x8a, 0x0d, 0xd7, 0x16, 0x00, 0x80,
	0x03, 0x02, 0x00, 0x00, 0xf4, 0x0d, 0x9c, 0x17, 0x00, 0x80, 0xb2, 0x0d,
	0x24, 0x17, 0x00, 0x80, 0x06, 0x02, 0x00, 0x00, 0x59, 0x0c, 0xde, 0x14,
	0x00, 0x80, 0x6c, 0x0c, 0x04, 0x15, 0x00, 0x80, 0x06, 0x02, 0x00, 0x00,
	0x31, 0x0c, 0x8e, 0x14, 0x00, 0x80, 0x59, 0x0c, 0xde, 0x14, 0x00, 0x80,
	0x05, 0x02, 0x00, 0x00, 0x84, 0x12, 0x10, 0x15, 0x00, 0x80, 0xf4, 0x11,
	0x83, 0x18, 0x00, 0x80, 0x05, 0x02, 0x00, 0x00, 0x1d, 0x1a, 0xa1, 0x13,
	0x00, 0x80, 0x32, 0x1b, 0x15, 0x17, 0x00, 0x80, 0x06, 0x03, 0x00, 0x00,
	0x60, 0x01, 0x29, 0x25, 0x00, 0x80, 0x15, 0x02, 0x04, 0x23, 0x00, 0x80,
	0x45, 0x05, 0xd8, 0x1f, 0x00, 0x80, 0x04, 0x02, 0x00, 0x00, 0x86, 0x0d,
	0xdd, 0x0e, 0x00, 0x80, 0x78, 0x0e, 0x83, 0x10, 0x00, 0x80, 0x05, 0x02,
	0x00, 0x00, 0xae, 0x12, 0x4c, 0x14, 0x00, 0x80, 0x84, 0x12, 0x10, 0x15,
	0x00, 0x80, 0x05, 0x02, 0x00, 0x00, 0x71, 0x13, 0x0e, 0x19, 0x00, 0x80,
	0x05, 0x14, 0x3f, 0x15, 0x00, 0x80, 0x03, 0x02, 0x00, 0x00, 0x84, 0x12,
	0x10, 0x15, 0x00, 0x80, 0xd6, 0x12, 0x34, 0x15, 0x00, 0x80, 0x05, 0x02,
	0x00, 0x00, 0x98, 0x1a, 0x4b, 0x12, 0x00, 0x80, 0x12, 0x1a, 0x0a, 0x11,
	0x00, 0x80, 0x05, 0x02, 0x00, 0x00, 0x4c, 0x1b, 0xfc, 0x13, 0x00, 0x80,
	0xdd, 0x1a, 0xfa, 0x12, 0x00, 0x80, 0x03, 0x02, 0x00, 0x00, 0xe0, 0x08,
	0x2c, 0x0b, 0x00, 0x80, 0x1d, 0x06, 0x05, 0x0e, 0x00, 0x80, 0x03, 0x02,
	0x00, 0x00, 0x21, 0x07, 0x58, 0x11, 0x00, 0x80, 0xad, 0x0b, 0x34, 0x0b,
	0x00, 0x80, 0x04, 0x02, 0x00, 0x00, 0xd6, 0x14, 0x10, 0x1e, 0x00, 0x80,
	0x7b, 0x13, 0x02, 0x1e, 0x00, 0x80, 0x06, 0x02, 0x00, 0x00, 0x27, 0x15,
	0x11, 0x1e, 0x00, 0x80, 0xd6, 0x14, 0x10, 0x1e, 0x00, 0x80, 0x06, 0x03,
	0x00, 0x00, 0x05, 0x15, 0x3f, 0x1f, 0x00, 0x80, 0x1b, 0x14, 0x4d, 0x1f,
	0x00, 0x80, 0xbd, 0x13, 0x80, 0x21, 0x00, 0x80, 0x06, 0x02, 0x00, 0x00,
	0x41, 0x17, 0x88, 0x26, 0x00, 0x80, 0x2a, 0x14, 0x2b, 0x26, 0x00, 0x80,
	0x02, 0x02, 0x00, 0x00, 0xc0, 0x10, 0x10, 0x25, 0x00, 0x80, 0xba, 0x10,
	0x66, 0x25, 0x00, 0x80, 0x06, 0x02, 0x00, 0x00, 0x9b, 0x13, 0xfc, 0x17,
	0x00, 0x80, 0x5c, 0x13, 0x64, 0x16, 0x00, 0x80, 0x06, 0x03, 0x00, 0x00,
	0x17, 0x12, 0xb6, 0x17, 0x00, 0x80, 0xbb, 0x12, 0x1b, 0x18, 0x00, 0x80,
	0x0a, 0x13, 0x4a, 0x16, 0x00, 0x80, 0x04, 0x02, 0x00, 0x00, 0x91, 0x10,
	0xba, 0x09, 0x00, 0x80, 0x56, 0x10, 0x58, 0x09, 0x00, 0x80, 0x02, 0x02,
	0x00, 0x00, 0xcc, 0x13, 0x9c, 0x14, 0x00, 0x80, 0xee, 0x13, 0xd3, 0x13,
	0x00, 0x80, 0x05, 0x02, 0x00, 0x00, 0x1c, 0x14, 0xb2, 0x14, 0x00, 0x80,
	0x3d, 0x14, 0xe8, 0x13, 0x00, 0x80, 0x02, 0x02, 0x00, 0x00, 0xf7, 0x12,
	0x5d, 0x14, 0x00, 0x80, 0xd6, 0x12, 0x34, 0x15, 0x00, 0x80, 0x05, 0x02,
	0x00, 0x00, 0x3d, 0x14, 0xe8, 0x13, 0x00, 0x80, 0x49, 0x15, 0x30, 0x0e,
	0x00, 0x80, 0x03, 0x02, 0x00, 0x00, 0x51, 0x0c, 0x51, 0x0a, 0x00, 0x80,
	0x00, 0x0d, 0xb0, 0x09, 0x00, 0x80, 0x06, 0x02, 0x00, 0x00, 0x76, 0x00,
	0x30, 0x23, 0x00, 0x80, 0x80, 0x00, 0x25, 0x23, 0x00, 0x80, 0x06, 0x02,
	0x00, 0x00, 0x63, 0x00, 0xe2, 0x22, 0x00, 0x80, 0xae, 0x00, 0x8f, 0x23,
	0x00, 0x80, 0x06, 0x02, 0x00, 0x00, 0x9b, 0x01, 0xbd, 0x25, 0x00, 0x80,
	0x60, 0x01, 0x29, 0x25, 0x00, 0x80, 0x06, 0x02, 0x00, 0x00, 0xaa, 0x04,
	0x4c, 0x14, 0x00, 0x80, 0x3a, 0x04, 0xcb, 0x14, 0x00, 0x80, 0x06, 0x02,
	0x00, 0x00, 0x9d, 0x0f, 0xc2, 0x03, 0x00, 0x80, 0x9d, 0x0f, 0xc2, 0x03,
	0x00, 0x80, 0x06, 0x02, 0x00, 0x00, 0xc8, 0x0e, 0x16, 0x05, 0x00, 0x80,
	0xc8, 0x0e, 0x16, 0x05, 0x00, 0x80, 0x06, 0x02, 0x00, 0x00, 0xf4, 0x0d,
	0x6b, 0x06, 0x00, 0x80, 0xf4, 0x0d, 0x6b, 0x06, 0x00, 0x80, 0x03, 0x02,
	0x00, 0x00, 0x4e, 0x12, 0xa4, 0x18, 0x00, 0x80, 0xf4, 0x11, 0x83, 0x18,
	0x00, 0x80, 0x03, 0x02, 0x00, 0x00, 0x71, 0x13, 0x0e, 0x19, 0x00, 0x80,
	0x4e, 0x12, 0xa4, 0x18, 0x00, 0x80, 0x03, 0x02, 0x00, 0x00, 0x12, 0x1b,
	0x13, 0x1a, 0x00, 0x80, 0x47, 0x1b, 0x23, 0x1a, 0x00, 0x80, 0x03, 0x02,
	0x00, 0x00, 0x71, 0x13, 0x0e, 0x19, 0x00, 0x80, 0x12, 0x1b, 0x13, 0x1a,
	0x00, 0x80, 0x05, 0x02, 0x00, 0x00, 0x3b, 0x11, 0x33, 0x00, 0x00, 0x80,
	0x47, 0x12, 0x5b, 0x00, 0x00, 0x80, 0x05, 0x02, 0x00, 0x00, 0xff, 0x17,
	0xe8, 0x21, 0x00, 0x80, 0x45, 0x17, 0xd5, 0x21, 0x00, 0x80, 0x05, 0x02,
	0x00, 0x00, 0x21, 0x18, 0xbb, 0x23, 0x00, 0x80, 0x2a, 0x1a, 0x47, 0x23,
	0x00, 0x80, 0x05, 0x02, 0x00, 0x00, 0x21, 0x18, 0xbb, 0x23, 0x00, 0x80,
	0x42, 0x18, 0x02, 0x22, 0x00, 0x80, 0x06, 0x02, 0x00, 0x00, 0x87, 0x00,
	0x50, 0x25, 0x00, 0x80, 0x0a, 0x00, 0x59, 0x23, 0x00, 0x80, 0x06, 0x02,
	0x00, 0x00, 0x80, 0x00, 0x25, 0x23, 0x00, 0x80, 0xa3, 0x00, 0xf5, 0x22,
	0x00, 0x80, 0x06, 0x02, 0x00, 0x00, 0xe8, 0x00, 0x34, 0x26, 0x00, 0x80,
	0x3b, 0x00, 0x9f, 0x24, 0x00, 0x80, 0x06, 0x02, 0x00, 0x00, 0x5f, 0x00,
	0x32, 0x1c, 0x00, 0x80, 0xb9, 0x00, 0x06, 0x1c, 0x00, 0x80, 0x06, 0x02,
	0x00, 0x00, 0xab, 0x13, 0x1d, 0x05, 0x00, 0x80, 0x88, 0x13, 0x4b, 0x05,
	0x00, 0x80, 0x06, 0x02, 0x00, 0x00, 0x17, 0x02, 0x9b, 0x26, 0x00, 0x80,
	0xfe, 0x01, 0xdf, 0x26, 0x00, 0x80, 0x06, 0x02, 0x00, 0x00, 0xce, 0x01,
	0x01, 0x26, 0x00, 0x80, 0xb2, 0x01, 0xed, 0x25, 0x00, 0x80, 0x03, 0x02,
	0x00, 0x00, 0xdb, 0x09, 0xdf, 0x1c, 0x00, 0x80, 0xc8, 0x0e, 0x47, 0x16,
	0x00, 0x80, 0x04, 0x02, 0x00, 0x00, 0xc0, 0x08, 0x7c, 0x23, 0x00, 0x80,
	0x9f, 0x07, 0x28, 0x24, 0x00, 0x80, 0x05, 0x02, 0x00, 0x00, 0x39, 0x17,
	0x92, 0x23, 0x00, 0x80, 0x59, 0x17, 0xd1, 0x23, 0x00, 0x80, 0x05, 0x02,
	0x00, 0x00, 0x45, 0x17, 0xd5, 0x21, 0x00, 0x80, 0x39, 0x17, 0x92, 0x23,
	0x00, 0x80, 0x05, 0x02, 0x00, 0x00, 0x03, 0x18, 0xd8, 0x23, 0x00, 0x80,
	0x21, 0x18, 0xbb, 0x23, 0x00, 0x80, 0x05, 0x02, 0x00, 0x00, 0x59, 0x17,
	0xd1, 0x23, 0x00, 0x80, 0x03, 0x18, 0xd8, 0x23, 0x00, 0x80, 0x05, 0x03,
	0x00, 0x00, 0x56, 0x11, 0xe5, 0x26, 0x00, 0x80, 0xf1, 0x11, 0xf9, 0x22,
	0x00, 0x80, 0x39, 0x17, 0x92, 0x23, 0x00, 0x80, 0x05, 0x02, 0x00, 0x00,
	0xa5, 0x10, 0x3b, 0x1e, 0x00, 0x80, 0x76, 0x10, 0xf8, 0x20, 0x00, 0x80,
	0x06, 0x02, 0x00, 0x00, 0x0c, 0x0c, 0x0d, 0x07, 0x00, 0x80, 0x9b, 0x08,
	0xe0, 0x09, 0x00, 0x80, 0x06, 0x02, 0x00, 0x00, 0x2b, 0x17, 0x54, 0x12,
	0x00, 0x80, 0x0b, 0x17, 0x1c, 0x14, 0x00, 0x80, 0x06, 0x02, 0x00, 0x00,
	0xd0, 0x18, 0x79, 0x25, 0x00, 0x80, 0xdd, 0x19, 0x10, 0x25, 0x00, 0x80,
	0x06, 0x02, 0x00, 0x00, 0xd0, 0x18, 0x79, 0x25, 0x00, 0x80, 0x93, 0x18,
	0xc0, 0x23, 0x00, 0x80, 0x03, 0x02, 0x00, 0x00, 0xe0, 0x0c, 0x1e, 0x02,
	0x00, 0x80, 0x9c, 0x0d, 0xbd, 0x01, 0x00, 0x80, 0x03, 0x02, 0x00, 0x00,
	0xc5, 0x0c, 0x2c, 0x02, 0x00, 0x80, 0xe0, 0x0c, 0x1e, 0x02, 0x00, 0x80,
	0x06, 0x02, 0x00, 0x00, 0xe9, 0x15, 0xdb, 0x25, 0x00, 0x80, 0xe3, 0x15,
	0x5e, 0x26, 0x00, 0x80, 0x06, 0x02, 0x00, 0x00, 0x15, 0x14, 0x28, 0x26,
	0x00, 0x80, 0xf7, 0x13, 0x25, 0x26, 0x00, 0x80, 0x06, 0x02, 0x00, 0x00,
	0x2f, 0x04, 0x87, 0x0d, 0x00, 0x80, 0xdc, 0x03, 0xf4, 0x0b, 0x00, 0x80,
	0x04, 0x03, 0x00, 0x00, 0x3c, 0x0e, 0x06, 0x10, 0x00, 0x80, 0xd9, 0x0c,
	0xb1, 0x11, 0x00, 0x80, 0xdf, 0x0d, 0x4c, 0x0f, 0x00, 0x80, 0x06, 0x02,
	0x00, 0x00, 0x70, 0x06, 0x57, 0x04, 0x00, 0x80, 0x1e, 0x06, 0x7f, 0x04,
	0x00, 0x80, 0x06, 0x02, 0x00, 0x00, 0x70, 0x06, 0x57, 0x04, 0x00, 0x80,
	0xa2, 0x06, 0x40, 0x04, 0x00, 0x80, 0x06, 0x02, 0x00, 0x00, 0x22, 0x07,
	0x26, 0x05, 0x00, 0x80, 0xc0, 0x05, 0xb4, 0xff, 0x00, 0x80, 0x06, 0x02,
	0x00, 0x00, 0x3e, 0x03, 0x20, 0x0e, 0x00, 0x80, 0xb7, 0x05, 0x57, 0x0c,
	0x00, 0x80, 0x06, 0x02, 0x00, 0x00, 0x82, 0x00, 0x30, 0x02, 0x00, 0x80,
	0xb3, 0x00, 0x1c, 0x02, 0x00, 0x80, 0x06, 0x03, 0x00, 0x00, 0x44, 0x01,
	0x5c, 0x00, 0x00, 0x80, 0x7b, 0x00, 0xdb, 0x00, 0x00, 0x80, 0xa3, 0x01,
	0xcc, 0x07, 0x00, 0x80, 0x06, 0x02, 0x00, 0x00, 0x85, 0x00, 0xd5, 0x02,
	0x00, 0x80, 0xb5, 0x00, 0xdf, 0x02, 0x00, 0x80, 0x06, 0x02, 0x00, 0x00,
	0x82, 0x00, 0x30, 0x02, 0x00, 0x80, 0x38, 0x00, 0x23, 0x02, 0x00, 0x80,
	0x06, 0x02, 0x00, 0x00, 0x5f, 0x00, 0x37, 0x02, 0x00, 0x80, 0x5a, 0x00,
	0x21, 0x02, 0x00, 0x80, 0x06, 0x02, 0x00, 0x00, 0x6a, 0x00, 0x31, 0x02,
	0x00, 0x80, 0x66, 0x00, 0x1c, 0x02, 0x00, 0x80, 0x06, 0x02, 0x00, 0x00,
	0x7c, 0x00, 0xc6, 0x02, 0x00, 0x80, 0x85, 0x00, 0xd5, 0x02, 0x00, 0x80,
	0x06, 0x02, 0x00, 0x00, 0x7f, 0x00, 0x97, 0x02, 0x00, 0x80, 0x85, 0x00,
	0xd5, 0x02, 0x00, 0x80, 0x06, 0x02, 0x00, 0x00, 0x0e, 0x0a, 0x56, 0x03,
	0x00, 0x80, 0x22, 0x07, 0x26, 0x05, 0x00, 0x80, 0x06, 0x02, 0x00, 0x00,
	0xee, 0x09, 0xcb, 0x03, 0x00, 0x80, 0x28, 0x09, 0x2d, 0x04, 0x00, 0x80,
	0x06, 0x02, 0x00, 0x00, 0x18, 0x0a, 0x8a, 0x02, 0x00, 0x80, 0xee, 0x09,
	0x9e, 0x02, 0x00, 0x80, 0x06, 0x02, 0x00, 0x00, 0x02, 0x0d, 0x14, 0x01,
	0x00, 0x80, 0x18, 0x0d, 0x07, 0x01, 0x00, 0x80, 0x06, 0x02, 0x00, 0x00,
	0xf9, 0x0c, 0x19, 0x01, 0x00, 0x80, 0xd5, 0x0c, 0x55, 0x00, 0x00, 0x80,
	0x06, 0x02, 0x00, 0x00, 0xf9, 0x0c, 0x19, 0x01, 0x00, 0x80, 0xf4, 0x0c,
	0x1c, 0x01, 0x00, 0x80, 0x06, 0x02, 0x00, 0x00, 0xd5, 0x0c, 0x55, 0x00,
	0x00, 0x80, 0xf6, 0x0c, 0x43, 0x00, 0x00, 0x80, 0x06, 0x02, 0x00, 0x00,
	0xa2, 0x02, 0x09, 0x1e, 0x00, 0x80, 0x9d, 0x02, 0xe4, 0x1d, 0x00, 0x80,
	0x06, 0x02, 0x00, 0x00, 0xa2, 0x02, 0x09, 0x1e, 0x00, 0x80, 0xba, 0x02,
	0x66, 0x1e, 0x00, 0x80, 0x06, 0x02, 0x00, 0x00, 0x7f, 0x01, 0x18, 0x21,
	0x00, 0x80, 0x3b, 0x01, 0x44, 0x21, 0x00, 0x80, 0x06, 0x02, 0x00, 0x00,
	0xd0, 0x01, 0xe2, 0x22, 0x00, 0x80, 0x8d, 0x01, 0x04, 0x23, 0x00, 0x80,
	0x06, 0x02, 0x00, 0x00, 0x99, 0x01, 0xb0, 0x21, 0x00, 0x80, 0x88, 0x01,
	0xbc, 0x21, 0x00, 0x80, 0x06, 0x02, 0x00, 0x00, 0xb6, 0x01, 0x50, 0x22,
	0x00, 0x80, 0xa5, 0x01, 0x59, 0x22, 0x00, 0x80, 0x06, 0x02, 0x00, 0x00,
	0x4b, 0x01, 0x7b, 0x20, 0x00, 0x80, 0x60, 0x01, 0x70, 0x20, 0x00, 0x80,
	0x06, 0x02, 0x00, 0x00, 0x6f, 0x01, 0xc9, 0x1f, 0x00, 0x80, 0x5f, 0x01,
	0x74, 0x1f, 0x00, 0x80, 0x06, 0x02, 0x00, 0x00, 0x57, 0x01, 0x49, 0x1f,
	0x00, 0x80, 0x32, 0x01, 0x99, 0x1e, 0x00, 0x80, 0x06, 0x02, 0x00, 0x00,
	0x0e, 0x02, 0x1e, 0x1f, 0x00, 0x80, 0xfb, 0x01, 0xcd, 0x1e, 0x00, 0x80,
	0x06, 0x02, 0x00, 0x00, 0xf2, 0x01, 0xa2, 0x1e, 0x00, 0x80, 0xde, 0x01,
	0x46, 0x1e, 0x00, 0x80, 0x06, 0x02, 0x00, 0x00, 0x77, 0x02, 0xed, 0x1d,
	0x00, 0x80, 0x80, 0x02, 0x15, 0x1e, 0x00, 0x80, 0x06, 0x02, 0x00, 0x00,
	0x88, 0x02, 0x37, 0x1e, 0x00, 0x80, 0x99, 0x02, 0x89, 0x1e, 0x00, 0x80,
	0x06, 0x03, 0x00, 0x00, 0xbe, 0x00, 0x03, 0x25, 0x00, 0x80, 0x61, 0x01,
	0x1c, 0x23, 0x00, 0x80, 0x22, 0x00, 0x15, 0x20, 0x00, 0x80, 0x06, 0x02,
	0x00, 0x00, 0x1a, 0x01, 0x93, 0x20, 0x00, 0x80, 0xc7, 0x00, 0xbe, 0x20,
	0x00, 0x80, 0x06, 0x02, 0x00, 0x00, 0x3b, 0x01, 0x44, 0x21, 0x00, 0x80,
	0x0a, 0x01, 0x5e, 0x21, 0x00, 0x80, 0x06, 0x02, 0x00, 0x00, 0x57, 0x01,
	0xdf, 0x21, 0x00, 0x80, 0x29, 0x01, 0xfa, 0x21, 0x00, 0x80, 0x06, 0x02,
	0x00, 0x00, 0x74, 0x01, 0x77, 0x22, 0x00, 0x80, 0x46, 0x01, 0x94, 0x22,
	0x00, 0x80, 0x06, 0x02, 0x00, 0x00, 0x8d, 0x01, 0x04, 0x23, 0x00, 0x80,
	0x61, 0x01, 0x1c, 0x23, 0x00, 0x80, 0x06, 0x02, 0x00, 0x00, 0x40, 0x00,
	0x0c, 0x23, 0x00, 0x80, 0x0a, 0x00, 0x59, 0x23, 0x00, 0x80, 0x06, 0x02,
	0x00, 0x00, 0x37, 0x00, 0xf8, 0x22, 0x00, 0x80, 0x0f, 0x00, 0xf5, 0x22,
	0x00, 0x80, 0x06, 0x02, 0x00, 0x00, 0x85, 0x00, 0xa9, 0x23, 0x00, 0x80,
	0x62, 0x00, 0x2a, 0x24, 0x00, 0x80, 0x06, 0x02, 0x00, 0x00, 0x11, 0x00,
	0x64, 0x20, 0x00, 0x80, 0x22, 0x00, 0x15, 0x20, 0x00, 0x80, 0x06, 0x02,
	0x00, 0x00, 0x4c, 0x00, 0x8b, 0x24, 0x00, 0x80, 0x06, 0x00, 0xde, 0x24,
	0x00, 0x80, 0x06, 0x02, 0x00, 0x00, 0x75, 0x00, 0x5b, 0x24, 0x00, 0x80,
	0x6a, 0x00, 0x68, 0x24, 0x00, 0x80, 0x06, 0x02, 0x00, 0x00, 0x6a, 0x00,
	0x68, 0x24, 0x00, 0x80, 0x4c, 0x00, 0x8b, 0x24, 0x00, 0x80, 0x06, 0x02,
	0x00, 0x00, 0x4a, 0x00, 0x4e, 0x24, 0x00, 0x80, 0x5b, 0x00, 0x79, 0x24,
	0x00, 0x80, 0x06, 0x02, 0x00, 0x00, 0x0f, 0x00, 0xf5, 0x22, 0x00, 0x80,
	0x28, 0x00, 0xd4, 0x22, 0x00, 0x80, 0x06, 0x02, 0x00, 0x00, 0x3b, 0x00,
	0xba, 0x22, 0x00, 0x80, 0x36, 0x00, 0xb0, 0x22, 0x00, 0x80, 0x06, 0x02,
	0x00, 0x00, 0x87, 0x00, 0xfe, 0x23, 0x00, 0x80, 0x61, 0x01, 0x1c, 0x23,
	0x00, 0x80, 0x06, 0x02, 0x00, 0x00, 0x21, 0x01, 0x21, 0x23, 0x00, 0x80,
	0x34, 0x01, 0x27, 0x23, 0x00, 0x80, 0x06, 0x02, 0x00, 0x00, 0xf2, 0x00,
	0xbe, 0x22, 0x00, 0x80, 0xce, 0x00, 0x72, 0x22, 0x00, 0x80, 0x06, 0x02,
	0x00, 0x00, 0x3b, 0x00, 0xba, 0x22, 0x00, 0x80, 0x8f, 0x00, 0x40, 0x22,
	0x00, 0x80, 0x06, 0x02, 0x00, 0x00, 0x28, 0x00, 0xd4, 0x22, 0x00, 0x80,
	0x3b, 0x00, 0xba, 0x22, 0x00, 0x80, 0x06, 0x02, 0x00, 0x00, 0xc3, 0x04,
	0x37, 0x20, 0x00, 0x80, 0xa0, 0x04, 0xf7, 0x20, 0x00, 0x80, 0x06, 0x02,
	0x00, 0x00, 0xbf, 0x05, 0xf4, 0x19, 0x00, 0x80, 0xeb, 0x07, 0xc5, 0x16,
	0x00, 0x80, 0x05, 0x02, 0x00, 0x00, 0x99, 0x01, 0x51, 0x12, 0x00, 0x80,
	0x7e, 0x01, 0x5f, 0x12, 0x00, 0x80, 0x06, 0x02, 0x00, 0x00, 0x22, 0x07,
	0x26, 0x05, 0x00, 0x80, 0x21, 0x08, 0x87, 0x08, 0x00, 0x80, 0x06, 0x02,
	0x00, 0x00, 0x21, 0x08, 0x87, 0x08, 0x00, 0x80, 0xa1, 0x08, 0xef, 0x09,
	0x00, 0x80, 0x06, 0x02, 0x00, 0x00, 0xc6, 0x08, 0x54, 0x0a, 0x00, 0x80,
	0x47, 0x0a, 0x5d, 0x0d, 0x00, 0x80, 0x06, 0x02, 0x00, 0x00, 0xa1, 0x08,
	0xef, 0x09, 0x00, 0x80, 0xc6, 0x08, 0x54, 0x0a, 0x00, 0x80, 0x06, 0x02,
	0x00, 0x00, 0xe9, 0x0b, 0xcb, 0x1e, 0x00, 0x80, 0xf0, 0x0b, 0xfd, 0x1d,
	0x00, 0x80, 0x06, 0x02, 0x00, 0x00, 0x84, 0x0b, 0xd3, 0x1e, 0x00, 0x80,
	0xc5, 0x0b, 0x7e, 0x1e, 0x00, 0x80, 0x06, 0x04, 0x00, 0x00, 0xc3, 0x0c,
	0xe2, 0x1e, 0x00, 0x80, 0x77, 0x0b, 0xdd, 0x1f, 0x00, 0x80, 0x28, 0x0a,
	0x24, 0x1d, 0x00, 0x80, 0x65, 0x0b, 0x60, 0x1b, 0x00, 0x80, 0x06, 0x02,
	0x00, 0x00, 0x46, 0x0b, 0x23, 0x1f, 0x00, 0x80, 0x2e, 0x0b, 0x44, 0x1f,
	0x00, 0x80, 0x06, 0x02, 0x00, 0x00, 0x13, 0x0c, 0x22, 0x1f, 0x00, 0x80,
	0x2e, 0x0c, 0x5e, 0x1f, 0x00, 0x80, 0x06, 0x02, 0x00, 0x00, 0x6c, 0x0c,
	0x1e, 0x1e, 0x00, 0x80, 0x38, 0x0b, 0x99, 0x1b, 0x00, 0x80, 0x06, 0x02,
	0x00, 0x00, 0x2a, 0x0c, 0xb7, 0x1d, 0x00, 0x80, 0x35, 0x0c, 0xaa, 0x1d,
	0x00, 0x80, 0x06, 0x02, 0x00, 0x00, 0x67, 0x0a, 0xa6, 0x1d, 0x00, 0x80,
	0x8d, 0x0a, 0x75, 0x1d, 0x00, 0x80, 0x06, 0x02, 0x00, 0x00, 0xae, 0x0d,
	0x3f, 0x19, 0x00, 0x80, 0x71, 0x0e, 0x8a, 0x18, 0x00, 0x80, 0x06, 0x02,
	0x00, 0x00, 0x99, 0x0e, 0x4f, 0x1a, 0x00, 0x80, 0x46, 0x0e, 0x77, 0x17,
	0x00, 0x80, 0x06, 0x02, 0x00, 0x00, 0x5b, 0x0d, 0xe3, 0x18, 0x00, 0x80,
	0xa9, 0x0e, 0xe0, 0x16, 0x00, 0x80, 0x06, 0x02, 0x00, 0x00, 0x9c, 0x0e,
	0x99, 0x16, 0x00, 0x80, 0x9c, 0x0f, 0xa6, 0x17, 0x00, 0x80, 0x06, 0x02,
	0x00, 0x00, 0xb7, 0x0e, 0x6b, 0x1a, 0x00, 0x80, 0x6e, 0x0f, 0x81, 0x17,
	0x00, 0x80, 0x06, 0x02, 0x00, 0x00, 0x65, 0x0b, 0x60, 0x1b, 0x00, 0x80,
	0x5b, 0x0d, 0xe3, 0x18, 0x00, 0x80, 0x06, 0x02, 0x00, 0x00, 0xb7, 0x0e,
	0x6b, 0x1a, 0x00, 0x80, 0xc3, 0x0c, 0xe2, 0x1e, 0x00, 0x80, 0x06, 0x02,
	0x00, 0x00, 0xc8, 0x01, 0x80, 0x01, 0x00, 0x80, 0xd2, 0x01, 0xbb, 0x01,
	0x00, 0x80, 0x06, 0x02, 0x00, 0x00, 0xcf, 0x01, 0xa8, 0x01, 0x00, 0x80,
	0xdf, 0x01, 0xa0, 0x01, 0x00, 0x80, 0x06, 0x02, 0x00, 0x00, 0xb3, 0x00,
	0x1c, 0x02, 0x00, 0x80, 0xd9, 0x00, 0x0f, 0x02, 0x00, 0x80, 0x06, 0x02,
	0x00, 0x00, 0xe3, 0x00, 0x0b, 0x02, 0x00, 0x80, 0x5c, 0x01, 0xd7, 0x01,
	0x00, 0x80, 0x06, 0x02, 0x00, 0x00, 0x6c, 0x01, 0xd1, 0x01, 0x00, 0x80,
	0x5e, 0x01, 0xb5, 0x00, 0x00, 0x80, 0x06, 0x02, 0x00, 0x00, 0x57, 0x01,
	0x81, 0x00, 0x00, 0x80, 0x5a, 0x01, 0x99, 0x00, 0x00, 0x80, 0x06, 0x02,
	0x00, 0x00, 0x7c, 0x01, 0x59, 0x01, 0x00, 0x80, 0x92, 0x01, 0x9c, 0x01,
	0x00, 0x80, 0x06, 0x02, 0x00, 0x00, 0x5c, 0x01, 0xab, 0x00, 0x00, 0x80,
	0x5e, 0x01, 0xb5, 0x00, 0x00, 0x80, 0x06, 0x02, 0x00, 0x00, 0x5c, 0x01,
	0xd7, 0x01, 0x00, 0x80, 0x72, 0x01, 0xf2, 0x01, 0x00, 0x80, 0x06, 0x02,
	0x00, 0x00, 0x3e, 0x00, 0x60, 0x12, 0x00, 0x80, 0x1d, 0x00, 0x71, 0x12,
	0x00, 0x80, 0x06, 0x02, 0x00, 0x00, 0x20, 0x01, 0x81, 0x0f, 0x00, 0x80,
	0x24, 0x01, 0x57, 0x0f, 0x00, 0x80, 0x06, 0x02, 0x00, 0x00, 0x1d, 0x01,
	0xac, 0x0f, 0x00, 0x80, 0x2d, 0x01, 0xe0, 0x0f, 0x00, 0x80, 0x06, 0x02,
	0x00, 0x00, 0x5e, 0x01, 0xe8, 0x10, 0x00, 0x80, 0x63, 0x01, 0xf2, 0x10,
	0x00, 0x80, 0x06, 0x02, 0x00, 0x00, 0x34, 0x01, 0x1f, 0x11, 0x00, 0x80,
	0x3b, 0x01, 0x30, 0x10, 0x00, 0x80, 0x06, 0x02, 0x00, 0x00, 0x1d, 0x01,
	0xac, 0x0f, 0x00, 0x80, 0x20, 0x01, 0x81, 0x0f, 0x00, 0x80, 0x02, 0x02,
	0x00, 0x00, 0x7a, 0x0e, 0xf0, 0x23, 0x00, 0x80, 0xcc, 0x10, 0xc2, 0x22,
	0x00, 0x80, 0x02, 0x02, 0x00, 0x00, 0xcd, 0x10, 0xd2, 0x21, 0x00, 0x80,
	0xcc, 0x10, 0xc2, 0x22, 0x00, 0x80, 0x02, 0x02, 0x00, 0x00, 0x37, 0x11,
	0xb6, 0x25, 0x00, 0x80, 0x74, 0x11, 0x96, 0x22, 0x00, 0x80, 0x03, 0x02,
	0x00, 0x00, 0xdc, 0x12, 0x0d, 0x23, 0x00, 0x80, 0xe5, 0x12, 0x88, 0x22,
	0x00, 0x80, 0x04, 0x02, 0x00, 0x00, 0x13, 0x13, 0x56, 0x21, 0x00, 0x80,
	0x18, 0x13, 0x17, 0x21, 0x00, 0x80, 0x02, 0x02, 0x00, 0x00, 0xcc, 0x10,
	0xc2, 0x22, 0x00, 0x80, 0x74, 0x11, 0x96, 0x22, 0x00, 0x80, 0x02, 0x02,
	0x00, 0x00, 0x7d, 0x11, 0xd8, 0x21, 0x00, 0x80, 0xcd, 0x10, 0xd2, 0x21,
	0x00, 0x80, 0x05, 0x02, 0x00, 0x00, 0xf0, 0x11, 0x1f, 0x21, 0x00, 0x80,
	0x76, 0x10, 0xf8, 0x20, 0x00, 0x80, 0x02, 0x02, 0x00, 0x00, 0xfd, 0x10,
	0x84, 0x1e, 0x00, 0x80, 0xcd, 0x10, 0xd2, 0x21, 0x00, 0x80, 0x06, 0x02,
	0x00, 0x00, 0x4b, 0x0e, 0x5a, 0x0d, 0x00, 0x80, 0xbd, 0x0e, 0xb5, 0x0c,
	0x00, 0x80, 0x03, 0x02, 0x00, 0x00, 0xad, 0x0b, 0x34, 0x0b, 0x00, 0x80,
	0x86, 0x0d, 0xdd, 0x0e, 0x00, 0x80, 0x06, 0x02, 0x00, 0x00, 0xd3, 0x13,
	0x50, 0x08, 0x00, 0x80, 0xd0, 0x13, 0x97, 0x08, 0x00, 0x80, 0x06, 0x02,
	0x00, 0x00, 0x48, 0x13, 0x7c, 0x07, 0x00, 0x80, 0x14, 0x13, 0x8a, 0x07,
	0x00, 0x80, 0x06, 0x02, 0x00, 0x00, 0xd8, 0x12, 0xff, 0x04, 0x00, 0x80,
	0xed, 0x12, 0x53, 0x04, 0x00, 0x80, 0x06, 0x02, 0x00, 0x00, 0xd0, 0x1a,
	0x59, 0x11, 0x00, 0x80, 0x6a, 0x1a, 0xdd, 0x11, 0x00, 0x80, 0x06, 0x02,
	0x00, 0x00, 0x6a, 0x0d, 0x82, 0x23, 0x00, 0x80, 0x30, 0x0d, 0xb1, 0x22,
	0x00, 0x80, 0x06, 0x02, 0x00, 0x00, 0xa5, 0x0d, 0xcc, 0x23, 0x00, 0x80,
	0xee, 0x0d, 0xb3, 0x24, 0x00, 0x80, 0x06, 0x02, 0x00, 0x00, 0x70, 0x0c,
	0x16, 0x23, 0x00, 0x80, 0xf1, 0x0c, 0x40, 0x25, 0x00, 0x80, 0x06, 0x02,
	0x00, 0x00, 0x6e, 0x10, 0x2e, 0x22, 0x00, 0x80, 0xff, 0x0b, 0x09, 0x25,
	0x00, 0x80, 0x06, 0x02, 0x00, 0x00, 0xc6, 0x0a, 0xd9, 0x24, 0x00, 0x80,
	0x9b, 0x0a, 0x19, 0x24, 0x00, 0x80, 0x06, 0x03, 0x00, 0x00, 0xb2, 0x0a,
	0xe3, 0x24, 0x00, 0x80, 0x6f, 0x0a, 0xec, 0x25, 0x00, 0x80, 0x0e, 0x09,
	0x1c, 0x26, 0x00, 0x80, 0x06, 0x02, 0x00, 0x00, 0x26, 0x08, 0x4a, 0x26,
	0x00, 0x80, 0x07, 0x08, 0x0f, 0x26, 0x00, 0x80, 0x06, 0x02, 0x00, 0x00,
	0x2e, 0x12, 0x66, 0x0c, 0x00, 0x80, 0x33, 0x11, 0x71, 0x0c, 0x00, 0x80,
	0x03, 0x02, 0x00, 0x00, 0x6b, 0x10, 0xdf, 0x00, 0x00, 0x80, 0x3b, 0x11,
	0x33, 0x00, 0x00, 0x80, 0x06, 0x02, 0x00, 0x00, 0x96, 0x0c, 0x6f, 0x06,
	0x00, 0x80, 0x4e, 0x0c, 0xbb, 0x05, 0x00, 0x80, 0x06, 0x02, 0x00, 0x00,
	0x4e, 0x0c, 0xbb, 0x05, 0x00, 0x80, 0x3f, 0x0c, 0x6c, 0x05, 0x00, 0x80,
	0x06, 0x02, 0x00, 0x00, 0x94, 0x0c, 0xba, 0x08, 0x00, 0x80, 0x61, 0x0c,
	0x42, 0x08, 0x00, 0x80, 0x06, 0x02, 0x00, 0x00, 0x61, 0x0c, 0x42, 0x08,
	0x00, 0x80, 0x41, 0x0c, 0x7a, 0x07, 0x00, 0x80, 0x06, 0x02, 0x00, 0x00,
	0x15, 0x02, 0x04, 0x23, 0x00, 0x80, 0x9e, 0x02, 0x10, 0x24, 0x00, 0x80,
	0x06, 0x02, 0x00, 0x00, 0x47, 0x02, 0xdb, 0x25, 0x00, 0x80, 0x17, 0x02,
	0x65, 0x26, 0x00, 0x80, 0x06, 0x02, 0x00, 0x00, 0xac, 0x13, 0xd7, 0x08,
	0x00, 0x80, 0xbd, 0x13, 0xb8, 0x08, 0x00, 0x80, 0x06, 0x02, 0x00, 0x00,
	0xf9, 0x12, 0xb7, 0x07, 0x00, 0x80, 0x04, 0x13, 0xa5, 0x07, 0x00, 0x80,
	0x03, 0x02, 0x00, 0x00, 0x56, 0x11, 0xe5, 0x26, 0x00, 0x80, 0x37, 0x11,
	0xb6, 0x25, 0x00, 0x80, 0x06, 0x02, 0x00, 0x00, 0x6b, 0x00, 0x3d, 0x23,
	0x00, 0x80, 0x70, 0x00, 0x37, 0x23, 0x00, 0x80, 0x06, 0x03, 0x00, 0x00,
	0x8c, 0x04, 0xa1, 0x11, 0x00, 0x80, 0x75, 0x03, 0x21, 0x12, 0x00, 0x80,
	0x9f, 0x03, 0x00, 0x13, 0x00, 0x80, 0x06, 0x02, 0x00, 0x00, 0xa2, 0x03,
	0x10, 0x13, 0x00, 0x80, 0x78, 0x04, 0x30, 0x13, 0x00, 0x80, 0x06, 0x02,
	0x00, 0x00, 0x47, 0x02, 0xdb, 0x25, 0x00, 0x80, 0xac, 0x02, 0xd3, 0x26,
	0x00, 0x80, 0x03, 0x02, 0x00, 0x00, 0x60, 0x01, 0x29, 0x25, 0x00, 0x80,
	0xe8, 0x00, 0x34, 0x26, 0x00, 0x80, 0x06, 0x02, 0x00, 0x00, 0x28, 0x1b,
	0xe8, 0x10, 0x00, 0x80, 0xe3, 0x1a, 0x41, 0x11, 0x00, 0x80, 0x06, 0x02,
	0x00, 0x00, 0xc3, 0x0f, 0x98, 0x0e, 0x00, 0x80, 0xc7, 0x12, 0x05, 0x0a,
	0x00, 0x80, 0x06, 0x02, 0x00, 0x00, 0x3e, 0x12, 0x4b, 0x09, 0x00, 0x80,
	0x4e, 0x0f, 0x9c, 0x0d, 0x00, 0x80, 0x06, 0x02, 0x00, 0x00, 0x63, 0x01,
	0xf2, 0x10, 0x00, 0x80, 0x6f, 0x01, 0x0a, 0x11, 0x00, 0x80, 0x05, 0x02,
	0x00, 0x00, 0x42, 0x18, 0x02, 0x22, 0x00, 0x80, 0xff, 0x17, 0xe8, 0x21,
	0x00, 0x80, 0x06, 0x02, 0x00, 0x00, 0xac, 0x02, 0xd3, 0x26, 0x00, 0x80,
	0xa2, 0x02, 0xfc, 0x26, 0x00, 0x80, 0x06, 0x02, 0x00, 0x00, 0x1b, 0x14,
	0x4d, 0x1f, 0x00, 0x80, 0x0f, 0x14, 0x27, 0x1f, 0x00, 0x80,
};

struct embedded_tile {
	const char *name;
	const uint8_t *data;
	size_t len;
};

#define EMBEDDED_TILE_COUNT 2

static const struct embedded_tile embedded_tiles[EMBEDDED_TILE_COUNT] = {
	{ "tile_2596_223.bin", rotterdam_tile_tile_2596_223, sizeof(rotterdam_tile_tile_2596_223) },
	{ "tile_2596_224.bin", rotterdam_tile_tile_2596_224, sizeof(rotterdam_tile_tile_2596_224) },
};

#endif /* REAL_ROUTE_TILES_H_ */
